customer_id,first_name,last_name,signup_date,region,acquisition_channel,email_opt_in,sms_opt_in,is_subscriber,lifetime_value_usd
C100000,Wes,Novak,2024-09-01,US-CA,podcast,True,True,True,231.56
C100001,Pavel,Quist,2026-03-28,US-IL,tiktok,True,True,False,212.89
C100002,Rosa,Hunt,2024-08-28,US-TX,email-referral,True,False,True,135.32
C100003,Jude,Patel,2024-06-11,US-FL,organic,False,True,False,107.05
C100004,Sofia,Gray,2025-02-05,US-FL,instagram,True,False,False,326.47
C100005,Rosa,Hunt,2025-04-10,AU,podcast,True,True,False,171.04
C100006,Jack,Vance,2025-08-18,US-TX,google,False,False,False,210.38
C100007,Rosa,Shah,2025-06-04,US-FL,podcast,True,False,False,191.62
C100008,Theo,Iqbal,2025-09-20,US-NY,email-referral,False,False,True,289.4
C100009,Xena,Ahmed,2025-11-02,UK,organic,False,True,False,181.95
C100010,Uma,Haas,2024-11-04,DE,organic,True,False,False,188.77
C100011,Beau,Lund,2026-06-17,UK,tiktok,True,False,True,172.04
C100012,Amara,Ueda,2024-05-10,US-WA,organic,True,True,False,177.02
C100013,Lena,Jain,2025-03-24,UK,instagram,True,False,False,35.42
C100014,Finn,Patel,2024-04-20,US-WA,email-referral,True,False,False,225.67
C100015,Diego,Lund,2025-07-07,US-NY,email-referral,False,False,True,415.57
C100016,Tara,Ellis,2024-02-20,US-IL,instagram,True,True,False,91.29
C100017,Milo,Ortiz,2025-02-03,CA,podcast,True,False,False,48.24
C100018,Max,Moreau,2026-05-31,US-IL,instagram,True,False,False,30.88
C100019,Ivy,Kim,2024-07-11,DE,google,True,False,False,176.92
C100020,Leo,Walsh,2025-12-11,US-TX,instagram,True,False,True,293.23
C100021,Lucy,Xu,2024-10-16,DE,organic,False,False,False,109.76
C100022,Mara,Vance,2024-07-29,US-IL,instagram,False,False,False,89.98
C100023,Gus,Rossi,2025-01-07,FR,tiktok,True,False,False,130.25
C100024,Noah,Ahmed,2025-01-12,CA,podcast,False,True,False,254.68
C100025,Enzo,Yilmaz,2024-08-07,US-WA,email-referral,True,True,True,412.65
C100026,Priya,Ferro,2025-05-20,US-CA,google,True,False,True,407.56
C100027,Tara,Yilmaz,2024-07-29,AU,email-referral,True,False,False,259.3
C100028,Ruby,Gray,2025-04-19,AU,instagram,True,False,True,244.37
C100029,Leo,Novak,2024-04-12,US-TX,google,True,False,False,192.93
C100030,Zane,Hunt,2024-06-18,US-CA,google,True,True,False,369.98
C100031,Nora,Diaz,2024-11-03,US-WA,podcast,True,False,False,257.24
C100032,Kira,Ward,2024-10-15,US-WA,instagram,True,False,False,29.9
C100033,Otis,Ferro,2026-04-22,AU,instagram,True,True,True,184.96
C100034,Zoe,Zhang,2025-07-05,CA,email-referral,True,True,False,277.02
C100035,Beau,Gray,2025-08-28,US-IL,podcast,True,False,False,221.16
C100036,Isla,Diaz,2024-08-24,FR,organic,False,False,True,528.8
C100037,Sage,Berg,2025-09-02,US-TX,tiktok,True,False,True,180.81
C100038,Finn,Tanaka,2025-02-19,US-NY,podcast,True,False,True,490.43
C100039,Sofia,Silva,2025-08-21,UK,instagram,True,False,False,220.77
C100040,Pavel,Lund,2025-12-15,US-FL,instagram,True,True,True,587.49
C100041,Aria,Park,2025-12-23,DE,google,True,False,False,102.54
C100042,Omar,Tanaka,2026-02-05,UK,organic,False,True,False,82.43
C100043,Tess,Ferro,2026-02-10,US-TX,google,True,True,True,337.96
C100044,Milo,Young,2025-10-13,US-NY,email-referral,True,False,True,222.47
C100045,Hana,Nash,2025-09-04,UK,google,False,False,True,405.83
C100046,Hana,Costa,2024-12-19,AU,podcast,True,True,False,106.47
C100047,Rina,Park,2024-07-25,US-WA,tiktok,True,False,False,109.58
C100048,Lila,Young,2025-10-15,US-CA,instagram,True,False,True,187.67
C100049,Ava,Vance,2025-07-09,UK,tiktok,True,True,False,187.89
C100050,Faye,Patel,2025-07-15,CA,tiktok,True,False,False,424.21
C100051,Noah,Ferro,2026-04-19,CA,tiktok,True,False,True,341.98
C100052,Pavel,Haas,2024-04-14,FR,podcast,True,False,False,227.84
C100053,Wes,Bauer,2025-06-30,UK,tiktok,True,False,False,322.45
C100054,Nina,Klein,2025-05-24,US-TX,instagram,True,False,False,68.51
C100055,Pavel,Khan,2024-11-01,FR,email-referral,True,False,False,241.49
C100056,Lila,Yilmaz,2025-04-22,DE,email-referral,True,False,True,285.71
C100057,Nico,Ellis,2024-07-17,US-TX,podcast,True,False,False,46.44
C100058,Sofia,Ortiz,2025-06-28,US-NY,instagram,True,True,False,107.96
C100059,Enzo,Vogel,2024-04-06,DE,tiktok,True,False,True,261.21
C100060,Gus,Zola,2024-07-06,US-FL,email-referral,True,False,False,60.81
C100061,Priya,Hunt,2026-04-08,US-NY,instagram,True,True,False,224.59
C100062,Rina,Ortiz,2024-05-14,AU,tiktok,True,True,False,157.77
C100063,Ken,Jain,2025-04-07,DE,tiktok,True,False,True,150.53
C100064,Nina,Lund,2025-08-17,AU,organic,True,True,False,262.14
C100065,Wes,Young,2024-04-15,US-WA,organic,True,False,False,280.37
C100066,Nico,Park,2024-07-22,DE,tiktok,True,False,False,271.26
C100067,Hana,Novak,2025-07-01,US-FL,email-referral,True,False,False,325.93
C100068,Aria,Ahmed,2026-03-04,US-TX,email-referral,False,False,False,351.8
C100069,Ava,Ortiz,2025-06-08,US-CA,email-referral,True,False,True,559.07
C100070,Omar,Moreau,2025-12-16,AU,tiktok,True,False,True,162.51
C100071,Remy,Ferro,2026-05-24,US-NY,organic,True,False,False,131.87
C100072,Owen,Ahmed,2026-02-04,US-TX,instagram,True,False,False,187.1
C100073,Faye,Owens,2025-05-08,US-CA,organic,True,True,True,203.18
C100074,Mara,Ellis,2025-08-19,US-WA,tiktok,True,False,False,107.17
C100075,Otis,Zola,2026-05-18,US-TX,instagram,True,False,False,304.87
C100076,Drew,Iqbal,2026-04-04,UK,email-referral,False,True,True,328.17
C100077,Wes,Lopez,2025-05-29,UK,podcast,True,False,False,139.51
C100078,Enzo,Silva,2026-01-08,US-WA,podcast,True,False,False,20.29
C100079,Finn,Diaz,2026-03-10,UK,google,True,True,False,44.96
C100080,Owen,Moreau,2025-03-24,US-TX,instagram,True,False,False,282.13
C100081,Amara,Lund,2025-03-29,FR,instagram,False,True,True,418.18
C100082,Jude,Diaz,2025-08-14,CA,organic,True,False,False,193.23
C100083,Sage,Haas,2025-02-17,DE,instagram,True,False,False,191.6
C100084,Rosa,Vance,2025-08-09,UK,email-referral,True,True,False,164.93
C100085,Aria,Vance,2024-06-22,DE,google,True,True,False,300.17
C100086,Remy,Ortiz,2026-04-24,US-FL,podcast,False,True,False,227.52
C100087,Theo,Torres,2026-03-04,DE,podcast,True,False,True,313.1
C100088,Tara,Silva,2026-03-02,US-NY,organic,True,True,False,47.51
C100089,Quinn,Walsh,2026-03-17,US-NY,google,True,True,False,114.77
C100090,Hana,Quist,2025-05-03,FR,email-referral,True,True,False,22.36
C100091,Nadia,Torres,2025-06-15,US-CA,instagram,True,True,False,261.21
C100092,Otis,Mora,2025-02-22,US-TX,email-referral,True,False,True,490.98
C100093,Ken,Hunt,2024-11-28,US-CA,organic,True,True,True,428.93
C100094,Finn,Mora,2026-04-24,US-NY,email-referral,True,True,True,696.99
C100095,Tess,Ito,2025-09-20,US-FL,podcast,True,False,False,278.9
C100096,Nora,Oduya,2026-05-08,AU,instagram,True,True,False,59.91
C100097,Quinn,Novak,2024-09-11,DE,instagram,True,True,False,305.87
C100098,Rosa,Ueda,2025-01-19,US-TX,google,True,False,False,75.73
C100099,Nina,Diaz,2024-03-25,US-IL,email-referral,True,True,False,347.14
C100100,Jack,Kim,2024-04-04,FR,tiktok,True,False,True,201.74
C100101,Kira,Diaz,2024-09-27,UK,email-referral,False,False,False,39.5
C100102,Nora,Tanaka,2026-05-08,FR,organic,True,False,True,402.49
C100103,Nora,Xu,2026-04-21,US-IL,email-referral,True,True,False,150.36
C100104,Priya,Ellis,2025-05-26,US-IL,organic,True,False,False,161.84
C100105,Nina,Costa,2024-07-04,UK,podcast,True,False,False,170.2
C100106,Theo,Ferro,2026-02-16,US-IL,podcast,True,False,True,213.08
C100107,Diego,Quist,2025-01-03,US-WA,podcast,True,True,False,137.7
C100108,Sofia,Hunt,2025-02-07,CA,organic,True,True,True,605.88
C100109,Lila,Xu,2024-07-15,DE,tiktok,True,False,True,363.45
C100110,Wes,Walsh,2024-12-13,DE,podcast,True,False,False,199.19
C100111,Kira,Iqbal,2024-04-09,US-CA,instagram,True,False,True,191.22
C100112,Ava,Nash,2025-07-19,US-TX,google,True,False,False,96.95
C100113,Leo,Patel,2024-07-13,AU,instagram,True,True,False,216.77
C100114,Lena,Khan,2025-09-15,US-TX,tiktok,False,True,False,50.58
C100115,Iris,Silva,2025-05-23,FR,organic,True,False,False,283.79
C100116,Leo,Ito,2024-05-01,US-WA,google,True,False,False,233.94
C100117,Zoe,Bauer,2024-04-14,AU,instagram,True,True,True,606.9
C100118,Vera,Walsh,2025-05-19,AU,organic,True,False,True,304.16
C100119,Xena,Novak,2026-01-10,US-IL,email-referral,True,False,False,41.9
C100120,Tess,Torres,2024-07-11,CA,organic,True,True,True,357.91
C100121,Pavel,Ward,2024-03-02,US-IL,instagram,True,False,True,450.05
C100122,Jude,Nash,2024-08-22,US-WA,google,True,False,False,47.92
C100123,Nico,Ito,2026-05-30,AU,tiktok,True,True,False,244.08
C100124,Noah,Gray,2024-12-10,US-CA,google,False,True,False,351.42
C100125,Quinn,Quist,2024-07-30,DE,organic,True,False,False,48.25
C100126,Eli,Vance,2024-04-03,US-IL,podcast,True,False,True,160.81
C100127,Lena,Kim,2026-01-01,DE,email-referral,True,False,False,196.55
C100128,Pia,Zola,2025-02-15,US-WA,email-referral,True,True,True,311.43
C100129,Nico,Berg,2024-12-26,UK,podcast,True,False,False,195.84
C100130,Remy,Oduya,2024-02-16,US-TX,organic,True,True,False,139.9
C100131,Lila,Silva,2026-02-18,US-IL,email-referral,False,True,True,296.19
C100132,Lena,Ito,2024-04-24,US-CA,tiktok,True,False,False,137.91
C100133,Priya,Ahmed,2026-04-27,CA,email-referral,True,False,False,435.38
C100134,Otis,Hunt,2025-06-23,UK,organic,True,False,False,188.48
C100135,Mara,Lund,2025-10-19,FR,podcast,True,True,False,83.49
C100136,Lila,Lopez,2026-01-26,US-FL,email-referral,True,True,False,231.17
C100137,Lena,Kim,2025-07-27,CA,email-referral,True,False,True,352.73
C100138,Pavel,Reyes,2024-05-27,US-TX,podcast,True,False,False,130.19
C100139,Gus,Xu,2025-09-23,US-FL,podcast,True,False,False,437.67
C100140,Remy,Jain,2025-01-01,US-WA,email-referral,True,False,False,226.0
C100141,Sage,Ueda,2024-04-20,US-CA,instagram,True,True,False,200.51
C100142,Tara,Moreau,2024-07-01,US-WA,podcast,True,True,False,324.87
C100143,Pia,Torres,2024-07-12,US-FL,instagram,True,False,True,247.42
C100144,Vera,Tanaka,2024-03-09,US-FL,tiktok,True,False,False,227.54
C100145,Gus,Ueda,2025-04-22,FR,tiktok,True,True,False,79.58
C100146,Remy,Costa,2024-03-24,US-WA,tiktok,True,True,True,200.58
C100147,Zane,Kim,2024-11-12,UK,tiktok,True,True,True,324.21
C100148,Milo,Zola,2024-08-23,US-FL,tiktok,False,True,False,346.63
C100149,Isla,Jain,2026-02-21,US-NY,instagram,True,True,False,417.18
C100150,Yara,Vogel,2026-03-31,US-CA,google,True,True,False,32.56
C100151,Tara,Ahmed,2024-03-18,US-IL,tiktok,True,False,True,282.85
C100152,Yara,Gray,2026-01-02,CA,google,True,False,False,424.4
C100153,Sage,Ortiz,2025-04-09,US-CA,instagram,True,False,True,243.76
C100154,Iris,Gray,2026-04-10,US-IL,tiktok,True,True,True,195.66
C100155,Max,Tanaka,2025-11-03,US-CA,email-referral,True,False,False,37.34
C100156,Zane,Oduya,2026-01-26,US-CA,podcast,True,True,True,260.8
C100157,Lucy,Park,2025-01-17,UK,google,False,False,False,188.01
C100158,Max,Vance,2026-04-07,CA,email-referral,True,False,False,547.87
C100159,Marco,Zola,2026-05-18,US-TX,email-referral,True,True,False,112.4
C100160,Ruby,Diaz,2025-05-15,US-IL,podcast,True,False,False,53.05
C100161,Theo,Lopez,2024-09-15,CA,organic,True,True,False,204.76
C100162,Nina,Nash,2024-11-10,CA,email-referral,True,False,False,164.08
C100163,Nadia,Chen,2024-08-19,US-FL,tiktok,True,True,True,267.66
C100164,Drew,Vance,2024-03-31,DE,instagram,True,True,False,339.07
C100165,Nadia,Xu,2026-02-22,US-NY,organic,False,False,False,150.38
C100166,Otis,Ahmed,2025-05-16,US-WA,tiktok,True,True,True,395.92
C100167,Omar,Jain,2025-05-11,FR,email-referral,True,False,False,186.63
C100168,Kira,Hunt,2025-12-04,US-TX,google,True,True,True,514.62
C100169,Omar,Lund,2026-02-07,FR,instagram,False,True,False,333.5
C100170,Sage,Owens,2024-07-20,US-NY,google,True,False,True,188.41
C100171,Lila,Haas,2024-03-14,US-FL,tiktok,True,False,True,427.46
C100172,Omar,Jain,2025-09-25,US-TX,email-referral,True,True,False,220.82
C100173,Yara,Reyes,2026-01-12,DE,podcast,True,True,False,67.48
C100174,Pavel,Shah,2025-02-03,FR,email-referral,True,True,False,144.02
C100175,Marco,Vance,2024-06-19,US-IL,podcast,True,False,False,149.58
C100176,Drew,Gray,2025-01-18,CA,organic,True,True,True,374.2
C100177,Marco,Oduya,2026-05-18,DE,google,True,False,True,359.3
C100178,Mia,Hunt,2024-06-04,US-TX,email-referral,True,True,True,392.1
C100179,Max,Park,2024-07-24,US-IL,instagram,False,False,True,250.27
C100180,Quinn,Oduya,2024-11-08,DE,instagram,False,False,False,223.51
C100181,Zoe,Khan,2024-05-10,US-CA,email-referral,True,False,True,275.9
C100182,Ava,Patel,2026-05-29,CA,google,True,False,False,146.81
C100183,Remy,Vance,2025-05-24,CA,google,True,False,False,146.15
C100184,Ruby,Novak,2025-07-03,US-TX,google,False,False,True,507.3
C100185,Nico,Silva,2024-12-29,DE,instagram,False,True,False,182.57
C100186,Priya,Hunt,2024-07-11,DE,organic,True,False,True,327.93
C100187,Drew,Berg,2024-07-26,US-TX,instagram,True,False,True,277.64
C100188,Xena,Haas,2026-05-05,US-IL,organic,True,True,False,157.87
C100189,Iris,Khan,2025-12-19,US-WA,organic,True,False,False,510.14
C100190,Priya,Walsh,2024-10-28,US-FL,instagram,True,True,False,199.44
C100191,Yara,Bauer,2024-12-05,CA,tiktok,True,False,False,307.3
C100192,Kai,Kim,2024-05-03,CA,podcast,True,True,False,23.84
C100193,Nadia,Bauer,2025-04-14,US-TX,tiktok,True,False,True,326.89
C100194,Noah,Jain,2024-08-06,US-CA,instagram,True,False,True,351.41
C100195,Rina,Ortiz,2025-03-02,US-IL,tiktok,True,True,True,252.86
C100196,Tara,Walsh,2026-05-20,FR,organic,True,True,False,161.6
C100197,Pavel,Reyes,2025-11-06,CA,email-referral,True,False,False,101.93
C100198,Ken,Berg,2025-01-18,US-IL,tiktok,True,True,False,155.8
C100199,Iris,Ferro,2024-08-06,UK,email-referral,False,True,True,863.87
C100200,Kai,Gray,2025-02-01,US-NY,instagram,True,False,False,449.86
C100201,Vera,Ferro,2025-06-30,US-TX,instagram,True,False,True,616.02
C100202,Nadia,Weber,2025-09-04,UK,google,True,False,False,167.22
C100203,Rina,Quist,2025-01-01,DE,instagram,True,True,False,247.01
C100204,Kira,Ward,2024-06-13,DE,organic,True,True,False,120.15
C100205,Pavel,Iqbal,2024-12-13,US-CA,organic,True,False,False,488.39
C100206,Ava,Rossi,2025-02-18,US-NY,instagram,True,False,True,442.91
C100207,Zoe,Zola,2025-01-12,AU,tiktok,True,False,False,23.26
C100208,Finn,Kim,2025-05-10,AU,email-referral,True,True,False,54.2
C100209,Ken,Bauer,2026-02-06,US-TX,organic,True,False,False,184.8
C100210,Leo,Klein,2025-09-06,US-WA,instagram,True,False,False,314.47
C100211,Tess,Xu,2025-11-02,AU,organic,True,False,False,78.96
C100212,Sofia,Kim,2025-02-14,UK,podcast,True,False,False,246.42
C100213,Ivy,Hunt,2025-02-11,CA,tiktok,True,False,True,388.16
C100214,Iris,Silva,2026-01-11,UK,tiktok,True,False,True,349.62
C100215,Ava,Patel,2025-12-08,FR,podcast,True,True,True,218.93
C100216,Cleo,Lund,2025-09-04,FR,organic,False,False,True,470.71
C100217,Rina,Tanaka,2025-12-30,US-WA,instagram,True,True,False,98.52
C100218,Diego,Costa,2024-02-25,US-FL,podcast,False,True,False,59.38
C100219,Diego,Iqbal,2026-06-01,US-WA,google,True,True,True,695.99
C100220,Finn,Ellis,2024-12-08,US-IL,google,True,False,True,450.98
C100221,Enzo,Diaz,2025-04-20,US-CA,podcast,True,False,False,364.51
C100222,Jack,Moreau,2025-02-14,US-IL,email-referral,True,False,True,551.28
C100223,Zane,Ito,2024-06-28,FR,tiktok,False,False,True,335.96
C100224,Tara,Silva,2025-02-03,US-IL,email-referral,True,False,False,144.83
C100225,Zane,Xu,2024-03-02,UK,google,True,True,False,191.65
C100226,Nora,Moreau,2026-01-23,US-IL,email-referral,True,False,False,58.46
C100227,Max,Xu,2024-04-06,UK,google,True,True,False,200.88
C100228,Vera,Xu,2025-03-13,UK,podcast,True,False,False,384.08
C100229,Kai,Gray,2026-03-08,FR,tiktok,True,False,False,266.32
C100230,Mara,Ueda,2026-05-15,CA,tiktok,True,True,True,537.59
C100231,Eli,Costa,2025-12-17,AU,podcast,True,False,False,134.32
C100232,Priya,Haas,2025-01-26,US-IL,tiktok,True,False,False,352.18
C100233,Beau,Ortiz,2025-06-02,DE,instagram,True,False,False,224.24
C100234,Max,Patel,2024-11-05,US-WA,instagram,True,False,False,334.62
C100235,Zoe,Novak,2024-03-29,CA,instagram,True,False,False,248.36
C100236,Sage,Weber,2025-02-23,US-TX,email-referral,False,False,False,138.16
C100237,Jack,Hunt,2025-10-14,AU,google,True,True,False,26.91
C100238,Jack,Yilmaz,2026-03-09,DE,email-referral,True,False,True,155.18
C100239,Omar,Weber,2024-07-13,US-NY,google,True,True,False,130.13
C100240,Max,Hunt,2025-01-31,CA,organic,False,False,False,549.84
C100241,Beau,Hunt,2025-08-26,US-NY,tiktok,True,False,True,410.37
C100242,Theo,Vogel,2025-01-18,US-NY,google,True,False,True,95.84
C100243,Kira,Weber,2024-11-15,US-FL,tiktok,True,True,False,318.46
C100244,Pavel,Costa,2025-01-16,US-TX,email-referral,False,False,False,317.96
C100245,Kai,Ferro,2026-06-08,US-NY,podcast,True,False,False,29.69
C100246,Owen,Quist,2024-10-05,CA,organic,True,False,True,454.96
C100247,Sage,Lopez,2024-11-22,US-CA,google,True,True,False,253.95
C100248,Sage,Costa,2024-04-25,UK,email-referral,True,False,False,107.31
C100249,Lila,Ortiz,2025-10-27,US-CA,instagram,True,False,False,253.48
C100250,Nadia,Gray,2025-09-01,DE,email-referral,True,True,True,145.7
C100251,Xena,Quist,2026-01-28,AU,google,True,True,True,632.61
C100252,Noah,Shah,2024-05-15,US-FL,google,True,False,True,288.42
C100253,Zane,Vogel,2026-02-22,US-NY,instagram,False,False,False,223.02
C100254,Omar,Gray,2024-11-16,FR,organic,True,False,False,232.56
C100255,Nora,Novak,2024-03-25,US-TX,organic,False,False,False,111.84
C100256,Zane,Weber,2025-04-11,US-FL,podcast,True,True,True,489.79
C100257,Xena,Novak,2024-11-29,US-IL,tiktok,True,True,False,248.46
C100258,Marco,Young,2024-09-10,FR,email-referral,True,False,False,494.14
C100259,Theo,Lund,2024-10-13,US-FL,google,True,True,False,242.8
C100260,Ruby,Walsh,2025-03-16,US-NY,instagram,True,False,False,279.62
C100261,Faye,Klein,2024-04-28,DE,instagram,True,True,False,151.66
C100262,Kira,Rossi,2025-06-04,US-TX,tiktok,True,False,False,257.65
C100263,Quinn,Jain,2026-05-09,DE,tiktok,True,False,False,289.73
C100264,Leo,Owens,2025-10-29,US-TX,email-referral,False,True,False,333.83
C100265,Finn,Kim,2026-04-25,US-FL,email-referral,True,True,True,195.58
C100266,Finn,Tanaka,2024-10-25,US-NY,email-referral,True,True,False,250.48
C100267,Amara,Yilmaz,2025-03-20,US-NY,organic,False,True,False,218.38
C100268,Jack,Park,2026-03-17,US-WA,instagram,True,True,True,546.55
C100269,Nico,Patel,2025-11-06,US-NY,google,True,True,True,311.96
C100270,Ivy,Vogel,2025-06-28,UK,instagram,True,True,True,680.68
C100271,Rosa,Chen,2025-01-14,US-NY,email-referral,True,True,False,227.38
C100272,Gus,Chen,2024-10-12,US-NY,google,True,True,False,218.95
C100273,Remy,Shah,2024-06-06,US-IL,organic,True,False,True,529.84
C100274,Zane,Young,2026-06-05,AU,podcast,True,True,False,193.69
C100275,Cleo,Young,2024-12-14,US-CA,organic,True,False,False,274.18
C100276,Liam,Ahmed,2024-08-15,DE,tiktok,True,False,False,41.96
C100277,Sage,Rossi,2024-07-17,DE,google,False,False,False,161.28
C100278,Priya,Rossi,2025-10-10,US-NY,tiktok,True,False,False,240.98
C100279,Zane,Tanaka,2024-11-01,US-TX,organic,True,True,False,115.73
C100280,Tess,Vogel,2025-06-03,US-TX,organic,False,True,False,357.87
C100281,Jude,Vance,2025-05-30,US-TX,podcast,False,False,False,251.1
C100282,Lila,Oduya,2025-10-27,US-FL,google,True,False,False,398.33
C100283,Cleo,Patel,2025-08-05,UK,google,True,True,True,347.26
C100284,Iris,Ortiz,2025-03-07,US-WA,organic,True,True,False,134.37
C100285,Isla,Novak,2026-04-21,FR,email-referral,True,False,True,476.94
C100286,Lila,Quist,2024-05-22,US-TX,tiktok,True,True,False,151.79
C100287,Faye,Ito,2025-12-14,UK,tiktok,True,True,True,108.84
C100288,Tess,Diaz,2024-03-05,US-WA,instagram,True,False,False,124.59
C100289,Leo,Ward,2025-08-14,US-TX,google,False,True,False,100.5
C100290,Ivy,Kim,2026-01-02,US-IL,tiktok,True,False,False,96.43
C100291,Ivy,Ortiz,2026-02-22,US-FL,google,True,False,False,199.0
C100292,Cleo,Ito,2025-07-16,US-FL,email-referral,True,False,False,154.13
C100293,Ken,Torres,2026-02-17,US-FL,podcast,True,False,False,364.19
C100294,Sage,Gray,2024-10-01,UK,organic,True,False,False,144.45
C100295,Lila,Lund,2026-04-06,US-WA,tiktok,True,True,False,303.49
C100296,Drew,Ferro,2024-05-29,US-CA,google,True,False,False,373.14
C100297,Sofia,Lopez,2025-03-03,CA,google,True,False,False,30.28
C100298,Nico,Oduya,2025-06-22,US-IL,email-referral,True,True,True,420.06
C100299,Lena,Ahmed,2024-05-25,US-NY,organic,True,True,True,341.47
C100300,Wes,Tanaka,2024-06-29,UK,tiktok,True,True,False,185.53
C100301,Nina,Yilmaz,2024-07-04,FR,email-referral,True,True,False,140.92
C100302,Lila,Xu,2025-02-17,US-TX,organic,True,True,False,262.97
C100303,Diego,Lund,2025-03-23,US-FL,email-referral,True,True,False,186.29
C100304,Yara,Patel,2025-02-11,AU,instagram,True,True,True,261.45
C100305,Owen,Lund,2025-12-07,US-FL,organic,True,True,False,125.45
C100306,Diego,Moreau,2025-05-23,US-NY,organic,True,True,False,481.77
C100307,Rosa,Park,2025-01-03,US-TX,tiktok,True,True,True,162.98
C100308,Xena,Nash,2026-02-23,US-FL,tiktok,True,True,True,468.27
C100309,Priya,Moreau,2025-11-30,US-TX,email-referral,True,True,False,222.82
C100310,Pavel,Ahmed,2024-05-22,DE,email-referral,True,False,False,287.9
C100311,Iris,Ward,2025-08-25,DE,google,False,False,True,180.64
C100312,Pavel,Ito,2025-06-04,FR,instagram,True,False,True,650.64
C100313,Hana,Young,2025-01-12,FR,organic,False,True,True,314.81
C100314,Nora,Chen,2025-12-10,US-IL,email-referral,True,False,True,442.04
C100315,Kira,Lund,2024-03-24,US-FL,email-referral,True,False,False,317.82
C100316,Nadia,Walsh,2024-09-09,US-NY,email-referral,True,True,True,477.41
C100317,Mara,Ellis,2024-04-20,AU,instagram,True,False,True,315.93
C100318,Lucy,Owens,2025-05-08,US-TX,organic,True,True,True,260.17
C100319,Zane,Shah,2024-09-06,US-WA,google,True,False,False,140.19
C100320,Nina,Vance,2025-05-11,US-FL,organic,True,True,False,131.03
C100321,Theo,Kim,2024-02-19,US-WA,email-referral,True,False,False,82.91
C100322,Rina,Bauer,2026-01-05,US-NY,podcast,True,False,False,52.71
C100323,Wes,Patel,2026-05-17,US-WA,google,True,True,False,262.87
C100324,Ruby,Bauer,2024-02-28,UK,instagram,True,False,False,268.16
C100325,Ivy,Moreau,2025-01-20,US-CA,instagram,True,True,False,239.51
C100326,Lucy,Berg,2025-12-09,FR,organic,True,True,True,520.0
C100327,Jude,Khan,2025-03-19,US-FL,tiktok,True,False,True,324.46
C100328,Omar,Ferro,2025-11-10,US-CA,tiktok,True,False,False,168.63
C100329,Rina,Xu,2025-05-13,DE,organic,True,False,False,306.24
C100330,Finn,Vogel,2025-02-22,CA,google,True,False,False,297.57
C100331,Finn,Rossi,2025-09-13,US-IL,instagram,True,True,False,153.72
C100332,Sofia,Lund,2026-02-27,US-NY,instagram,True,False,False,182.14
C100333,Zane,Klein,2025-10-13,US-NY,podcast,False,True,True,354.43
C100334,Noah,Novak,2024-07-05,UK,tiktok,True,False,True,390.28
C100335,Ruby,Vogel,2024-03-21,US-WA,email-referral,True,True,False,242.29
C100336,Theo,Ferro,2025-10-28,US-FL,instagram,True,True,True,348.31
C100337,Enzo,Khan,2026-02-01,US-WA,google,False,True,True,264.44
C100338,Rosa,Ortiz,2024-06-06,DE,tiktok,True,False,False,209.88
C100339,Rosa,Chen,2024-10-18,UK,google,True,False,True,260.64
C100340,Mia,Reyes,2024-03-10,US-NY,tiktok,True,False,False,24.52
C100341,Quinn,Moreau,2026-01-16,UK,podcast,True,False,True,460.49
C100342,Lila,Ueda,2024-06-11,US-WA,organic,True,False,False,245.94
C100343,Theo,Silva,2024-10-31,US-IL,instagram,True,True,True,273.65
C100344,Sage,Berg,2025-12-06,UK,podcast,True,False,False,264.67
C100345,Wes,Silva,2025-02-28,US-TX,organic,True,False,True,162.86
C100346,Nico,Walsh,2025-06-11,US-CA,tiktok,True,False,True,117.92
C100347,Finn,Vogel,2024-10-23,DE,podcast,False,False,False,21.44
C100348,Cleo,Reyes,2026-05-31,US-FL,podcast,True,True,False,155.34
C100349,Rosa,Owens,2025-12-11,US-WA,google,True,False,True,268.54
C100350,Jack,Vogel,2025-02-18,US-TX,instagram,True,True,False,54.45
C100351,Tara,Shah,2025-09-30,DE,organic,True,True,False,222.98
C100352,Theo,Vogel,2024-09-16,DE,email-referral,False,True,False,208.61
C100353,Mia,Ward,2025-10-18,CA,tiktok,True,True,False,293.04
C100354,Elsa,Berg,2024-06-04,AU,tiktok,True,True,True,532.48
C100355,Xena,Owens,2025-01-31,US-IL,google,True,True,False,271.75
C100356,Eli,Diaz,2025-01-17,AU,google,True,False,False,134.99
C100357,Milo,Zola,2024-11-18,US-CA,podcast,True,False,False,42.23
C100358,Nora,Nash,2025-10-14,DE,podcast,True,False,False,458.0
C100359,Gus,Torres,2025-04-26,US-CA,podcast,True,True,False,331.25
C100360,Mia,Novak,2024-07-14,US-WA,organic,True,True,True,468.44
C100361,Yara,Bauer,2024-12-26,US-NY,tiktok,True,True,True,329.37
C100362,Yara,Chen,2025-07-04,US-NY,tiktok,True,False,False,52.92
C100363,Quinn,Ueda,2024-03-27,UK,organic,True,True,False,453.74
C100364,Priya,Moreau,2024-04-09,US-TX,tiktok,True,False,False,96.25
C100365,Gus,Gray,2024-03-13,US-CA,podcast,True,False,False,34.72
C100366,Mara,Quist,2025-08-05,US-IL,instagram,True,True,True,501.16
C100367,Ava,Kim,2025-09-17,FR,organic,True,True,False,38.09
C100368,Pia,Tanaka,2025-05-15,US-IL,instagram,True,True,False,289.3
C100369,Rina,Tanaka,2025-01-30,US-IL,google,True,True,False,71.75
C100370,Nadia,Jain,2025-06-29,CA,podcast,True,False,False,325.38
C100371,Mara,Gray,2026-04-02,US-CA,google,True,False,True,227.1
C100372,Omar,Owens,2024-05-22,US-CA,google,True,True,False,55.81
C100373,Uma,Vance,2026-01-21,UK,organic,True,True,True,50.65
C100374,Nadia,Chen,2024-08-20,US-IL,instagram,False,False,False,58.03
C100375,Yara,Chen,2025-10-25,FR,organic,True,False,True,324.59
C100376,Lena,Quist,2025-05-05,US-NY,google,True,True,False,300.05
C100377,Ivy,Park,2024-07-17,UK,google,True,False,False,128.73
C100378,Quinn,Bauer,2025-02-01,UK,email-referral,True,False,False,289.24
C100379,Beau,Torres,2026-03-10,AU,instagram,True,False,False,32.86
C100380,Diego,Rossi,2024-11-20,US-IL,google,True,True,True,347.15
C100381,Ruby,Moreau,2025-07-04,DE,tiktok,False,False,False,575.47
C100382,Wes,Bauer,2024-09-14,DE,podcast,True,True,True,272.61
C100383,Rosa,Ortiz,2026-05-19,US-CA,organic,True,False,False,212.38
C100384,Elsa,Park,2024-11-03,CA,organic,True,False,True,180.52
C100385,Max,Owens,2025-02-26,UK,instagram,True,False,True,413.78
C100386,Ivy,Tanaka,2026-02-19,US-TX,instagram,True,False,False,22.73
C100387,Leo,Young,2025-03-17,US-TX,instagram,True,True,False,99.51
C100388,Aria,Torres,2024-11-23,US-TX,email-referral,True,False,True,258.46
C100389,Nadia,Weber,2026-04-17,US-IL,google,True,False,True,54.12
C100390,Aria,Young,2024-02-21,UK,tiktok,False,True,False,36.6
C100391,Lucy,Berg,2026-03-01,US-NY,instagram,True,True,True,187.59
C100392,Mia,Ito,2024-12-21,DE,email-referral,True,True,True,287.54
C100393,Noah,Reyes,2025-10-02,US-WA,podcast,True,False,False,201.44
C100394,Tara,Ward,2025-05-09,FR,instagram,True,False,True,213.62
C100395,Xena,Oduya,2025-09-25,AU,podcast,True,True,False,102.0
C100396,Tara,Silva,2024-08-09,US-TX,organic,False,False,False,191.82
C100397,Nadia,Silva,2024-10-21,DE,email-referral,True,False,False,93.87
C100398,Finn,Young,2025-01-27,FR,instagram,False,False,False,101.51
C100399,Eli,Zhang,2024-06-29,US-NY,tiktok,False,True,False,166.45
C100400,Theo,Lopez,2024-05-04,DE,email-referral,True,True,False,147.78
C100401,Nadia,Silva,2024-05-05,US-IL,google,True,False,False,294.85
C100402,Finn,Patel,2024-03-17,US-WA,email-referral,False,False,False,294.31
C100403,Pia,Shah,2025-09-10,US-IL,tiktok,False,True,False,299.2
C100404,Xena,Ellis,2024-07-26,AU,instagram,True,True,True,358.36
C100405,Rosa,Vogel,2024-03-01,FR,podcast,True,False,True,304.75
C100406,Ava,Chen,2026-05-17,FR,podcast,True,True,False,197.43
C100407,Ava,Vogel,2025-05-08,FR,podcast,True,False,False,126.85
C100408,Lucy,Chen,2024-08-01,US-NY,podcast,False,False,False,225.74
C100409,Enzo,Ellis,2025-05-23,US-NY,instagram,False,False,False,218.28
C100410,Gus,Ferro,2024-09-09,US-TX,instagram,True,False,False,172.44
C100411,Lena,Quist,2025-07-15,DE,organic,True,True,False,500.56
C100412,Beau,Kim,2025-03-04,US-WA,instagram,True,True,False,213.94
C100413,Mia,Novak,2024-11-09,FR,email-referral,True,False,True,328.51
C100414,Gus,Novak,2025-07-02,UK,organic,True,True,True,292.77
C100415,Tess,Tanaka,2025-02-07,DE,google,True,False,False,96.17
C100416,Noah,Hunt,2026-02-19,CA,tiktok,True,True,False,164.58
C100417,Cleo,Diaz,2024-06-13,CA,organic,True,True,False,109.15
C100418,Mara,Walsh,2025-05-07,US-NY,podcast,True,True,False,355.63
C100419,Noah,Lund,2026-03-25,US-NY,email-referral,True,False,False,295.09
C100420,Max,Kim,2025-02-28,US-WA,google,True,True,False,105.19
C100421,Drew,Lund,2025-11-10,DE,organic,True,True,True,153.82
C100422,Nina,Yilmaz,2024-11-10,US-TX,tiktok,True,True,False,347.69
C100423,Finn,Novak,2026-03-12,US-WA,email-referral,False,False,True,284.63
C100424,Enzo,Weber,2024-07-06,US-NY,organic,True,False,False,157.21
C100425,Sofia,Mora,2025-07-12,US-WA,google,False,True,False,261.69
C100426,Vera,Weber,2026-04-24,US-FL,google,True,True,False,314.73
C100427,Yara,Nash,2024-04-13,US-FL,instagram,False,True,False,256.14
C100428,Ruby,Iqbal,2025-10-07,UK,tiktok,True,False,False,254.72
C100429,Lena,Ortiz,2026-03-19,US-FL,tiktok,True,True,True,413.06
C100430,Otis,Zola,2024-03-05,US-WA,podcast,True,False,False,127.1
C100431,Priya,Diaz,2024-09-05,DE,email-referral,True,False,True,185.05
C100432,Nora,Vogel,2025-12-13,FR,instagram,True,False,True,316.21
C100433,Tess,Zola,2025-07-03,US-TX,organic,True,True,False,411.18
C100434,Isla,Nash,2024-06-09,DE,organic,True,True,False,86.83
C100435,Lucy,Park,2025-02-17,FR,organic,True,True,False,167.54
C100436,Lila,Ortiz,2026-03-18,US-NY,podcast,True,True,False,293.3
C100437,Faye,Park,2025-05-07,CA,google,True,True,False,428.03
C100438,Pia,Silva,2024-03-17,FR,email-referral,True,True,True,289.65
C100439,Nina,Hunt,2025-01-09,DE,tiktok,False,False,True,282.08
C100440,Faye,Young,2026-02-25,US-FL,organic,False,False,True,253.6
C100441,Ruby,Chen,2025-09-20,US-FL,instagram,True,True,True,316.45
C100442,Noah,Park,2025-03-31,FR,google,True,False,True,400.38
C100443,Owen,Ahmed,2024-11-12,US-CA,tiktok,True,False,False,59.73
C100444,Marco,Kim,2024-02-14,US-FL,instagram,True,True,False,67.28
C100445,Eli,Jain,2025-02-23,US-TX,tiktok,True,True,False,240.59
C100446,Mara,Rossi,2026-04-25,CA,instagram,True,True,True,447.05
C100447,Tara,Bauer,2025-01-29,US-TX,organic,True,False,False,322.14
C100448,Zane,Haas,2025-09-16,US-CA,email-referral,True,True,True,195.15
C100449,Tara,Haas,2025-09-25,US-NY,organic,True,False,True,429.16
C100450,Isla,Oduya,2024-03-11,UK,tiktok,False,True,True,264.53
C100451,Owen,Khan,2024-09-09,UK,podcast,True,True,False,249.32
C100452,Cleo,Khan,2026-02-21,CA,email-referral,True,True,False,333.13
C100453,Jack,Moreau,2024-05-05,DE,organic,True,True,True,447.99
C100454,Nico,Khan,2025-03-01,US-WA,podcast,True,False,True,209.14
C100455,Isla,Ito,2024-09-22,AU,podcast,True,False,True,145.85
C100456,Kai,Vance,2025-04-01,US-TX,organic,True,True,False,72.2
C100457,Mara,Hunt,2025-02-07,US-TX,tiktok,False,True,False,105.31
C100458,Vera,Shah,2024-10-02,US-CA,instagram,True,True,True,103.42
C100459,Mia,Diaz,2024-08-12,US-WA,organic,True,False,False,164.95
C100460,Jack,Oduya,2025-08-07,US-CA,tiktok,True,False,False,119.78
C100461,Nina,Weber,2025-04-12,US-IL,email-referral,True,True,False,234.83
C100462,Ivy,Zola,2025-09-05,US-NY,organic,True,False,False,254.83
C100463,Otis,Jain,2025-08-24,AU,organic,True,False,False,323.41
C100464,Amara,Weber,2024-09-09,CA,email-referral,True,True,False,366.45
C100465,Ken,Quist,2026-01-17,CA,google,True,False,False,170.44
C100466,Lena,Ahmed,2025-06-25,UK,instagram,True,False,False,242.48
C100467,Lena,Shah,2025-03-13,UK,podcast,True,True,False,111.42
C100468,Nina,Gray,2025-10-05,DE,instagram,True,False,True,266.54
C100469,Ken,Zola,2024-07-06,US-FL,google,True,False,False,115.78
C100470,Jack,Lund,2026-01-29,US-FL,organic,True,False,False,98.2
C100471,Lena,Tanaka,2025-06-15,UK,tiktok,True,False,False,116.28
C100472,Vera,Ellis,2026-05-08,US-FL,instagram,True,True,True,264.62
C100473,Liam,Jain,2025-05-05,US-FL,organic,True,True,False,199.23
C100474,Yara,Gray,2024-04-11,US-NY,email-referral,True,True,False,82.53
C100475,Ivy,Klein,2024-03-12,US-TX,email-referral,True,False,False,152.97
C100476,Rosa,Zola,2024-10-08,UK,email-referral,True,True,True,568.12
C100477,Quinn,Chen,2026-06-13,UK,instagram,True,False,True,122.16
C100478,Jack,Walsh,2025-08-14,FR,tiktok,True,True,False,53.33
C100479,Leo,Chen,2026-03-10,AU,google,True,True,False,385.14
C100480,Gus,Silva,2025-09-22,US-CA,instagram,True,False,False,234.74
C100481,Nadia,Owens,2025-12-20,CA,email-referral,False,False,False,134.45
C100482,Faye,Mora,2025-08-14,US-WA,organic,True,False,True,414.54
C100483,Ivy,Weber,2026-03-27,US-CA,tiktok,True,False,True,361.0
C100484,Elsa,Weber,2025-06-03,DE,podcast,True,False,True,359.76
C100485,Zane,Patel,2025-02-25,US-FL,email-referral,True,False,False,213.68
C100486,Tara,Young,2025-04-07,US-FL,tiktok,True,True,False,213.08
C100487,Rosa,Bauer,2025-12-09,US-NY,organic,True,True,False,261.1
C100488,Iris,Mora,2026-01-28,US-NY,google,True,True,True,342.83
C100489,Omar,Jain,2024-09-01,CA,tiktok,True,True,False,50.41
C100490,Jack,Ahmed,2026-03-05,CA,podcast,True,True,False,128.44
C100491,Elsa,Tanaka,2024-11-18,US-CA,email-referral,True,True,False,36.85
C100492,Cleo,Reyes,2025-11-18,FR,tiktok,True,False,False,132.28
C100493,Pia,Rossi,2024-04-10,CA,instagram,True,True,False,379.82
C100494,Otis,Haas,2025-08-20,US-TX,instagram,False,False,False,42.3
C100495,Nina,Klein,2024-11-12,US-NY,email-referral,True,True,False,190.25
C100496,Diego,Iqbal,2025-03-20,CA,tiktok,True,True,False,294.59
C100497,Mia,Rossi,2025-11-19,DE,podcast,True,True,True,375.46
C100498,Nadia,Ito,2025-07-16,US-IL,organic,False,True,False,303.47
C100499,Ken,Mora,2026-02-02,FR,email-referral,True,True,False,31.38
C100500,Vera,Oduya,2026-01-23,US-NY,organic,True,False,False,313.65
C100501,Yara,Nash,2026-06-10,AU,tiktok,True,False,False,197.81
C100502,Amara,Yilmaz,2024-04-15,CA,instagram,True,True,True,287.77
C100503,Max,Kim,2025-09-22,FR,organic,True,False,True,330.93
C100504,Omar,Walsh,2025-03-29,US-NY,email-referral,True,True,True,436.19
C100505,Gus,Patel,2025-04-05,UK,podcast,True,False,True,277.86
C100506,Theo,Hunt,2025-03-12,DE,organic,True,True,False,309.68
C100507,Zane,Khan,2025-02-08,UK,instagram,True,True,False,271.17
C100508,Owen,Zola,2024-09-03,DE,organic,True,False,False,340.97
C100509,Nico,Vogel,2026-03-20,AU,organic,False,False,False,549.28
C100510,Rina,Shah,2026-04-25,US-TX,email-referral,True,True,False,22.81
C100511,Sage,Young,2026-04-29,US-WA,organic,True,False,False,57.73
C100512,Sofia,Ward,2024-08-10,FR,tiktok,True,False,False,350.5
C100513,Iris,Ortiz,2025-05-31,AU,google,True,False,True,257.54
C100514,Isla,Costa,2025-04-23,UK,organic,False,False,False,262.83
C100515,Mara,Moreau,2024-10-10,DE,organic,True,False,False,118.08
C100516,Liam,Bauer,2024-10-12,AU,organic,True,True,False,196.32
C100517,Enzo,Shah,2024-09-05,US-NY,organic,False,False,False,153.1
C100518,Noah,Owens,2024-09-20,US-IL,organic,True,False,False,450.53
C100519,Zoe,Shah,2024-06-08,US-NY,email-referral,True,False,True,119.7
C100520,Theo,Lopez,2024-07-13,US-FL,organic,False,False,True,236.65
C100521,Liam,Ward,2026-01-15,CA,organic,True,True,False,163.03
C100522,Rosa,Klein,2025-07-23,US-NY,instagram,True,False,True,197.65
C100523,Drew,Lund,2026-01-20,UK,email-referral,True,False,False,342.35
C100524,Mia,Ortiz,2025-10-06,FR,instagram,True,True,False,216.49
C100525,Cleo,Chen,2024-10-03,US-CA,organic,True,False,False,45.27
C100526,Nadia,Ferro,2026-02-01,US-CA,tiktok,True,False,False,302.81
C100527,Max,Quist,2026-04-14,US-NY,podcast,False,False,False,168.02
C100528,Quinn,Zola,2024-12-20,US-TX,tiktok,True,False,True,356.79
C100529,Leo,Haas,2024-08-19,UK,podcast,True,True,True,230.39
C100530,Liam,Xu,2026-02-06,FR,email-referral,True,False,False,232.33
C100531,Nina,Xu,2025-01-15,CA,podcast,True,False,True,146.46
C100532,Nico,Torres,2025-09-06,US-WA,organic,False,True,False,217.69
C100533,Lena,Patel,2026-06-01,DE,tiktok,True,True,True,384.73
C100534,Marco,Lund,2026-02-02,US-IL,instagram,False,True,False,49.57
C100535,Enzo,Ueda,2025-02-21,US-NY,organic,True,False,True,270.81
C100536,Tess,Nash,2024-02-28,DE,tiktok,True,True,False,312.32
C100537,Nora,Ortiz,2026-05-31,FR,tiktok,True,False,False,180.98
C100538,Rina,Owens,2026-05-17,US-FL,tiktok,True,True,False,243.12
C100539,Amara,Ito,2024-08-17,US-FL,email-referral,True,True,False,320.94
C100540,Drew,Bauer,2026-04-12,AU,instagram,False,False,False,41.12
C100541,Rina,Hunt,2024-07-16,FR,google,True,False,True,232.77
C100542,Sofia,Lund,2026-05-01,CA,tiktok,True,False,False,103.4
C100543,Otis,Ueda,2024-03-15,CA,email-referral,True,False,False,410.4
C100544,Xena,Hunt,2026-01-23,US-WA,instagram,True,True,False,52.41
C100545,Tess,Ueda,2026-01-31,DE,google,True,False,True,300.88
C100546,Iris,Costa,2024-09-13,DE,podcast,True,False,True,486.1
C100547,Jude,Lund,2025-03-11,US-TX,email-referral,True,False,False,107.4
C100548,Amara,Walsh,2024-04-07,US-WA,podcast,True,False,False,203.43
C100549,Nora,Ueda,2025-02-10,US-NY,instagram,True,False,True,308.56
C100550,Zoe,Vance,2024-12-03,US-IL,podcast,True,True,True,254.19
C100551,Amara,Silva,2026-03-12,US-IL,podcast,True,True,True,483.04
C100552,Drew,Moreau,2025-04-30,FR,organic,False,True,True,348.61
C100553,Mia,Khan,2025-11-12,US-TX,instagram,False,True,True,162.53
C100554,Elsa,Mora,2024-09-27,FR,instagram,False,True,False,279.66
C100555,Rina,Iqbal,2024-08-29,US-CA,tiktok,True,False,True,364.64
C100556,Eli,Berg,2025-04-16,US-FL,google,True,False,True,562.36
C100557,Rosa,Lund,2025-03-31,US-NY,podcast,True,False,False,23.84
C100558,Max,Klein,2024-06-26,US-CA,email-referral,True,False,False,273.06
C100559,Aria,Weber,2025-04-12,US-NY,tiktok,True,True,False,316.85
C100560,Remy,Tanaka,2024-04-16,AU,instagram,True,False,True,324.72
C100561,Zane,Walsh,2024-07-27,US-IL,email-referral,False,True,True,417.42
C100562,Finn,Bauer,2025-07-27,US-WA,organic,True,True,False,340.14
C100563,Finn,Ferro,2026-03-28,UK,organic,True,False,True,342.17
C100564,Pia,Patel,2024-02-14,US-CA,instagram,True,True,False,109.94
C100565,Tess,Haas,2024-10-30,FR,email-referral,True,False,True,603.26
C100566,Jude,Tanaka,2026-04-10,US-TX,tiktok,True,True,False,143.64
C100567,Pavel,Nash,2025-06-18,US-TX,instagram,True,False,False,303.19
C100568,Yara,Ahmed,2024-08-03,US-CA,organic,True,False,False,395.14
C100569,Vera,Patel,2025-09-27,DE,podcast,True,True,True,304.48
C100570,Lena,Patel,2024-06-13,US-FL,organic,True,False,True,496.34
C100571,Nico,Oduya,2024-05-03,US-FL,google,True,True,True,493.94
C100572,Diego,Walsh,2024-12-12,UK,email-referral,True,False,False,132.51
C100573,Gus,Rossi,2025-11-16,US-NY,organic,True,True,False,329.15
C100574,Max,Berg,2024-07-08,CA,podcast,True,True,True,446.21
C100575,Wes,Bauer,2025-07-16,FR,google,True,False,False,32.64
C100576,Kai,Ward,2024-10-13,UK,instagram,True,False,True,294.54
C100577,Mia,Vance,2024-11-22,US-FL,podcast,True,False,True,510.89
C100578,Otis,Rossi,2025-10-12,US-WA,tiktok,True,False,False,296.59
C100579,Enzo,Oduya,2025-02-17,AU,podcast,True,True,False,89.72
C100580,Sofia,Ahmed,2024-06-01,DE,organic,True,True,False,134.51
C100581,Otis,Costa,2024-09-18,UK,google,True,False,False,205.93
C100582,Pia,Bauer,2025-03-23,US-NY,podcast,True,True,False,284.34
C100583,Tara,Gray,2026-05-06,US-IL,organic,True,False,True,183.19
C100584,Priya,Zhang,2025-09-16,US-IL,instagram,True,False,False,306.9
C100585,Nico,Lopez,2024-10-15,FR,tiktok,False,True,True,237.99
C100586,Rina,Zhang,2025-11-15,US-IL,google,True,False,True,271.06
C100587,Finn,Hunt,2024-07-12,US-CA,organic,True,True,False,125.17
C100588,Isla,Silva,2024-04-06,AU,podcast,True,True,True,342.98
C100589,Sofia,Novak,2025-03-28,CA,tiktok,False,False,False,70.01
C100590,Tess,Shah,2025-04-06,DE,podcast,True,False,False,73.76
C100591,Omar,Park,2026-04-21,US-FL,podcast,True,False,True,729.1
C100592,Amara,Shah,2024-07-29,US-IL,instagram,True,False,False,366.25
C100593,Diego,Chen,2024-12-23,US-TX,podcast,True,False,True,232.68
C100594,Amara,Silva,2024-06-13,US-IL,organic,False,False,True,322.11
C100595,Drew,Moreau,2026-01-20,US-NY,tiktok,True,False,True,337.53
C100596,Vera,Moreau,2025-06-07,UK,instagram,True,True,True,155.91
C100597,Remy,Vance,2025-02-21,CA,email-referral,False,False,False,233.69
C100598,Jack,Novak,2026-03-01,US-NY,tiktok,True,False,True,367.98
C100599,Theo,Ortiz,2025-12-03,US-IL,instagram,True,True,True,222.71
C100600,Gus,Chen,2025-04-22,US-IL,google,True,True,False,70.01
C100601,Rina,Hunt,2025-07-20,DE,tiktok,True,False,True,77.09
C100602,Rina,Nash,2025-10-21,DE,google,True,False,True,377.2
C100603,Yara,Torres,2025-02-11,FR,email-referral,True,False,False,167.74
C100604,Aria,Torres,2025-03-30,FR,email-referral,True,True,True,326.28
C100605,Yara,Vance,2025-09-06,US-TX,organic,True,False,False,43.81
C100606,Remy,Shah,2024-06-28,US-WA,email-referral,True,False,True,426.0
C100607,Sage,Ortiz,2024-05-13,US-WA,organic,True,True,False,298.79
C100608,Kai,Shah,2025-06-20,CA,google,True,True,False,37.62
C100609,Elsa,Jain,2025-07-28,US-CA,organic,True,True,False,229.01
C100610,Priya,Walsh,2024-05-25,UK,email-referral,True,False,False,39.1
C100611,Nico,Shah,2025-02-21,DE,google,True,False,False,113.58
C100612,Beau,Chen,2026-04-09,US-WA,email-referral,True,False,False,84.45
C100613,Owen,Silva,2025-11-11,US-FL,google,True,False,False,333.71
C100614,Beau,Jain,2026-06-09,US-IL,organic,True,False,False,160.74
C100615,Isla,Vance,2026-03-10,US-TX,podcast,True,False,False,52.4
C100616,Jude,Zhang,2025-08-02,US-IL,google,True,False,False,412.44
C100617,Beau,Yilmaz,2025-12-11,DE,instagram,True,False,False,131.47
C100618,Yara,Tanaka,2024-06-28,US-WA,tiktok,True,False,False,397.84
C100619,Nico,Ueda,2026-01-20,US-IL,email-referral,True,True,False,345.23
C100620,Sage,Tanaka,2024-11-22,US-TX,organic,True,True,False,58.28
C100621,Owen,Chen,2026-03-09,UK,organic,True,False,True,428.44
C100622,Nina,Ahmed,2024-06-03,DE,email-referral,True,True,False,29.29
C100623,Drew,Costa,2025-06-17,US-IL,instagram,True,False,False,362.6
C100624,Pia,Iqbal,2025-03-28,CA,email-referral,True,True,False,191.75
C100625,Zoe,Weber,2024-09-12,DE,podcast,True,False,True,721.37
C100626,Kai,Torres,2025-06-25,US-WA,podcast,True,True,True,320.73
C100627,Vera,Oduya,2024-02-13,CA,tiktok,True,False,False,183.21
C100628,Sage,Gray,2025-02-23,UK,instagram,True,False,False,81.6
C100629,Diego,Ellis,2024-12-21,US-NY,instagram,True,True,False,291.2
C100630,Cleo,Xu,2024-07-23,US-FL,google,False,False,True,230.14
C100631,Uma,Klein,2025-02-04,US-IL,podcast,True,True,False,242.66
C100632,Owen,Ellis,2024-03-06,CA,tiktok,True,True,True,503.91
C100633,Pavel,Ellis,2025-07-06,US-CA,tiktok,True,False,True,117.69
C100634,Cleo,Park,2024-04-12,US-CA,podcast,True,False,False,136.14
C100635,Nina,Zola,2024-03-06,CA,podcast,True,True,False,134.98
C100636,Leo,Shah,2025-07-08,US-FL,tiktok,True,True,False,245.09
C100637,Isla,Chen,2025-10-24,US-IL,email-referral,True,False,False,311.73
C100638,Xena,Ito,2024-11-08,US-IL,email-referral,False,True,True,300.08
C100639,Liam,Berg,2025-07-04,US-WA,tiktok,True,False,False,59.61
C100640,Zoe,Bauer,2024-04-10,AU,tiktok,False,False,False,297.19
C100641,Leo,Ellis,2025-02-15,US-FL,email-referral,True,True,False,41.73
C100642,Max,Reyes,2024-05-15,FR,organic,True,True,True,348.53
C100643,Ava,Ortiz,2025-06-12,US-FL,tiktok,True,False,True,405.43
C100644,Aria,Zhang,2025-02-20,US-IL,google,True,True,False,21.46
C100645,Theo,Ward,2025-01-23,AU,google,True,True,False,290.43
C100646,Amara,Walsh,2024-09-06,DE,podcast,False,False,False,127.3
C100647,Priya,Khan,2024-10-26,CA,tiktok,True,False,True,180.89
C100648,Vera,Costa,2024-06-22,CA,tiktok,True,True,False,245.83
C100649,Noah,Moreau,2025-12-28,US-TX,organic,True,False,True,480.38
C100650,Nina,Oduya,2024-06-27,US-IL,tiktok,True,False,True,516.63
C100651,Max,Ferro,2026-04-22,UK,tiktok,True,False,True,365.47
C100652,Mara,Shah,2024-08-21,AU,podcast,True,False,False,138.7
C100653,Lena,Iqbal,2024-08-03,UK,email-referral,True,True,True,311.23
C100654,Pavel,Ueda,2025-02-12,FR,email-referral,True,False,True,306.65
C100655,Yara,Chen,2026-06-01,FR,organic,True,False,False,224.02
C100656,Zane,Ellis,2025-11-16,US-TX,organic,True,False,False,225.71
C100657,Ruby,Khan,2025-06-15,UK,organic,True,False,True,293.99
C100658,Pavel,Vance,2024-03-08,US-NY,organic,True,False,False,183.62
C100659,Xena,Lund,2025-04-25,UK,organic,True,False,False,118.23
C100660,Rina,Young,2025-08-25,US-CA,instagram,True,True,True,693.57
C100661,Sofia,Weber,2024-12-31,US-CA,instagram,False,False,False,45.28
C100662,Beau,Ueda,2025-02-23,UK,google,True,True,True,265.0
C100663,Priya,Rossi,2026-02-23,CA,organic,True,False,False,210.97
C100664,Ivy,Oduya,2025-04-03,UK,email-referral,False,False,True,185.0
C100665,Jude,Ueda,2026-01-14,UK,google,False,False,True,299.24
C100666,Leo,Ueda,2026-04-07,UK,email-referral,False,True,False,327.71
C100667,Kira,Khan,2024-10-09,DE,instagram,True,True,True,199.13
C100668,Nina,Vogel,2026-03-09,US-TX,google,True,True,False,169.57
C100669,Gus,Klein,2026-03-22,US-TX,instagram,True,False,False,230.53
C100670,Jude,Ahmed,2024-06-14,US-CA,tiktok,True,False,False,369.32
C100671,Otis,Jain,2026-06-15,US-CA,instagram,True,True,False,183.84
C100672,Amara,Haas,2024-04-01,CA,email-referral,True,False,True,341.52
C100673,Uma,Weber,2025-12-18,US-NY,email-referral,True,False,True,305.22
C100674,Sage,Weber,2025-06-17,AU,google,True,False,True,548.16
C100675,Xena,Vance,2025-02-24,US-FL,google,True,False,True,214.31
C100676,Nico,Tanaka,2025-11-15,AU,google,True,True,False,346.92
C100677,Zoe,Moreau,2025-12-08,UK,google,True,False,True,151.31
C100678,Kira,Haas,2025-06-13,US-FL,email-referral,True,False,True,562.04
C100679,Noah,Patel,2024-02-29,AU,tiktok,False,False,True,468.04
C100680,Milo,Jain,2024-08-18,US-WA,email-referral,True,False,True,581.47
C100681,Nico,Moreau,2025-09-23,CA,instagram,True,False,False,206.52
C100682,Uma,Ferro,2026-05-14,CA,instagram,True,True,False,394.46
C100683,Rosa,Chen,2025-02-24,FR,google,True,False,True,605.53
C100684,Amara,Nash,2025-12-07,US-IL,google,True,True,False,50.22
C100685,Tess,Torres,2024-03-25,CA,podcast,False,True,True,844.55
C100686,Pia,Oduya,2025-07-13,US-WA,email-referral,True,True,False,37.76
C100687,Elsa,Ito,2025-12-21,US-WA,instagram,True,True,False,218.51
C100688,Faye,Xu,2024-09-30,US-TX,podcast,True,False,True,251.64
C100689,Beau,Hunt,2026-04-09,DE,instagram,False,True,False,345.14
C100690,Gus,Silva,2024-09-27,US-TX,tiktok,True,False,True,121.07
C100691,Wes,Reyes,2025-11-17,CA,tiktok,True,True,True,345.97
C100692,Cleo,Vogel,2025-03-01,CA,tiktok,True,False,False,272.81
C100693,Uma,Torres,2025-07-01,US-WA,google,True,False,False,139.94
C100694,Remy,Silva,2025-09-05,CA,instagram,True,True,True,391.02
C100695,Finn,Silva,2025-08-28,US-TX,podcast,False,False,False,269.19
C100696,Wes,Ward,2025-08-29,US-TX,google,True,True,False,55.85
C100697,Jack,Owens,2024-11-13,US-NY,podcast,True,True,False,472.83
C100698,Zane,Zola,2024-11-19,US-TX,google,True,False,True,274.14
C100699,Cleo,Shah,2026-01-13,UK,email-referral,True,True,False,156.91
C100700,Owen,Park,2024-06-15,CA,tiktok,True,False,True,338.7
C100701,Ava,Mora,2024-09-05,US-NY,instagram,True,True,False,181.38
C100702,Marco,Ellis,2024-03-21,US-NY,instagram,True,True,False,56.53
C100703,Ruby,Owens,2024-05-12,CA,tiktok,False,False,True,188.37
C100704,Rosa,Yilmaz,2025-05-28,US-IL,organic,True,True,True,632.6
C100705,Ruby,Xu,2026-02-17,DE,google,True,True,False,247.2
C100706,Hana,Iqbal,2025-04-29,FR,organic,True,False,False,144.42
C100707,Ava,Patel,2025-04-28,CA,organic,True,True,True,402.4
C100708,Drew,Zola,2026-01-18,UK,organic,True,True,False,363.58
C100709,Ken,Ellis,2024-03-20,FR,google,True,False,False,380.02
C100710,Wes,Park,2025-06-02,US-FL,email-referral,True,False,False,55.53
C100711,Ruby,Owens,2026-05-23,AU,google,True,True,False,27.68
C100712,Leo,Vogel,2024-04-19,US-FL,google,False,True,False,45.93
C100713,Owen,Vance,2024-05-18,US-TX,organic,False,True,True,307.37
C100714,Otis,Costa,2024-03-17,DE,instagram,False,True,False,255.34
C100715,Rosa,Gray,2024-12-24,US-IL,email-referral,True,False,False,111.18
C100716,Wes,Walsh,2025-11-26,UK,email-referral,False,False,True,495.94
C100717,Beau,Walsh,2025-09-29,UK,organic,False,True,False,752.15
C100718,Yara,Reyes,2025-11-02,US-NY,podcast,True,True,False,177.03
C100719,Pavel,Vogel,2026-03-26,US-NY,organic,True,False,True,300.48
C100720,Lucy,Bauer,2024-11-02,US-TX,instagram,True,True,True,215.77
C100721,Ruby,Chen,2025-06-21,FR,tiktok,False,False,False,191.32
C100722,Lila,Mora,2024-10-19,CA,organic,True,True,True,125.74
C100723,Theo,Hunt,2025-04-04,DE,google,True,False,False,225.09
C100724,Rina,Vogel,2025-06-22,CA,email-referral,True,False,False,153.05
C100725,Uma,Zola,2024-07-27,UK,organic,True,False,False,77.17
C100726,Noah,Kim,2026-01-31,AU,google,True,False,True,516.09
C100727,Theo,Lopez,2024-09-21,AU,email-referral,True,True,False,249.56
C100728,Lila,Tanaka,2024-03-20,UK,tiktok,True,True,False,280.4
C100729,Elsa,Klein,2024-12-29,US-CA,podcast,True,True,True,310.43
C100730,Ken,Khan,2025-05-17,US-NY,instagram,True,True,False,94.59
C100731,Kira,Bauer,2025-10-28,UK,organic,True,False,True,369.84
C100732,Zane,Ito,2024-06-07,US-TX,email-referral,True,False,False,385.93
C100733,Lucy,Weber,2024-10-12,US-TX,tiktok,True,False,False,85.28
C100734,Kai,Nash,2025-11-19,US-CA,google,True,False,True,840.85
C100735,Nina,Quist,2025-04-21,CA,tiktok,False,False,False,336.99
C100736,Iris,Ferro,2024-09-20,CA,podcast,True,False,False,439.43
C100737,Faye,Costa,2025-06-23,US-WA,organic,False,True,False,441.64
C100738,Theo,Yilmaz,2025-02-09,UK,email-referral,True,True,False,290.26
C100739,Zane,Khan,2026-01-29,US-CA,email-referral,True,False,True,396.1
C100740,Kai,Ito,2024-07-01,AU,podcast,True,False,False,243.29
C100741,Yara,Nash,2024-03-15,US-IL,podcast,True,False,True,109.45
C100742,Ruby,Yilmaz,2025-09-23,US-CA,podcast,False,False,False,705.03
C100743,Zane,Mora,2026-02-08,US-TX,email-referral,False,False,False,181.5
C100744,Xena,Torres,2024-10-25,US-IL,google,True,False,False,74.37
C100745,Nina,Haas,2025-05-17,US-IL,google,False,True,True,254.51
C100746,Isla,Xu,2025-11-07,DE,google,True,False,False,128.48
C100747,Priya,Ward,2025-02-02,CA,podcast,False,False,True,216.54
C100748,Sage,Novak,2025-04-19,AU,organic,True,False,True,383.28
C100749,Faye,Zhang,2025-08-31,US-WA,organic,True,True,True,142.37
C100750,Kira,Ahmed,2024-12-25,CA,organic,True,False,True,494.05
C100751,Ruby,Patel,2024-04-02,US-FL,google,True,False,True,282.4
C100752,Pia,Silva,2024-11-09,AU,google,True,False,False,164.94
C100753,Otis,Jain,2024-08-16,US-WA,google,True,True,False,140.79
C100754,Enzo,Reyes,2025-03-04,US-CA,google,True,True,True,346.36
C100755,Lila,Patel,2026-04-06,US-CA,organic,True,False,True,475.37
C100756,Sage,Novak,2026-02-15,CA,organic,True,False,True,340.03
C100757,Finn,Ito,2025-08-27,US-NY,organic,True,True,False,173.26
C100758,Tara,Yilmaz,2026-05-22,AU,email-referral,True,False,False,226.32
C100759,Owen,Diaz,2025-01-26,UK,tiktok,False,False,False,192.6
C100760,Hana,Rossi,2024-11-12,US-TX,google,True,True,False,294.31
C100761,Hana,Mora,2026-03-27,US-NY,instagram,True,True,False,311.77
C100762,Zoe,Novak,2024-10-20,US-IL,email-referral,True,False,False,264.72
C100763,Cleo,Quist,2026-01-24,US-WA,tiktok,True,False,False,212.91
C100764,Leo,Ueda,2025-09-11,DE,tiktok,True,False,False,144.08
C100765,Eli,Ito,2025-07-24,US-FL,podcast,True,True,True,200.08
C100766,Nico,Hunt,2025-05-21,US-WA,podcast,True,False,False,290.05
C100767,Rosa,Rossi,2025-07-09,US-WA,instagram,True,True,False,269.23
C100768,Gus,Haas,2025-01-08,DE,instagram,True,True,False,185.13
C100769,Hana,Silva,2024-08-02,FR,tiktok,False,True,False,259.17
C100770,Pavel,Owens,2026-01-26,US-WA,email-referral,True,True,False,301.17
C100771,Nina,Moreau,2025-09-07,UK,podcast,True,False,False,147.16
C100772,Milo,Walsh,2025-12-29,US-IL,google,True,True,False,438.22
C100773,Lila,Zhang,2025-06-03,FR,email-referral,True,False,True,338.76
C100774,Aria,Zola,2025-07-25,US-NY,podcast,True,True,False,287.91
C100775,Ken,Jain,2026-04-09,CA,email-referral,True,False,True,720.02
C100776,Amara,Klein,2025-06-03,US-WA,instagram,True,False,False,113.0
C100777,Diego,Zhang,2026-05-17,DE,tiktok,True,False,False,113.43
C100778,Sofia,Reyes,2025-03-16,US-TX,podcast,True,False,True,227.22
C100779,Nora,Ahmed,2024-03-21,CA,instagram,True,False,True,422.24
C100780,Nora,Jain,2025-10-31,US-IL,organic,True,False,False,567.65
C100781,Zoe,Berg,2026-04-20,US-WA,instagram,True,True,False,124.06
C100782,Kira,Tanaka,2026-05-21,FR,organic,True,False,False,524.25
C100783,Ken,Vance,2025-09-14,US-CA,email-referral,True,True,True,376.12
C100784,Jude,Xu,2024-03-10,FR,organic,True,False,False,346.17
C100785,Drew,Walsh,2025-09-17,US-CA,podcast,True,True,False,401.15
C100786,Nora,Novak,2024-06-02,US-WA,tiktok,False,False,True,321.55
C100787,Ken,Klein,2024-07-04,US-NY,tiktok,True,False,False,149.74
C100788,Leo,Haas,2025-09-09,US-CA,organic,True,False,False,43.51
C100789,Liam,Moreau,2026-01-08,US-TX,tiktok,True,False,False,181.71
C100790,Beau,Vance,2024-12-26,FR,tiktok,False,False,True,282.01
C100791,Uma,Ward,2025-11-23,DE,organic,False,False,False,563.02
C100792,Omar,Lund,2025-09-26,US-NY,tiktok,True,False,False,150.17
C100793,Zoe,Ortiz,2025-12-10,FR,email-referral,True,True,False,152.41
C100794,Gus,Hunt,2024-10-23,US-TX,instagram,False,False,False,198.69
C100795,Ruby,Ward,2024-06-23,US-CA,google,True,False,True,202.74
C100796,Leo,Iqbal,2025-09-26,US-CA,email-referral,True,False,False,766.14
C100797,Isla,Gray,2025-06-12,DE,email-referral,False,True,False,433.37
C100798,Tara,Bauer,2024-06-23,AU,podcast,True,True,False,36.15
C100799,Mara,Xu,2024-05-16,US-TX,instagram,True,False,False,507.49
C100800,Ava,Ortiz,2025-03-09,US-CA,podcast,True,True,False,162.55
C100801,Omar,Quist,2024-10-16,US-TX,organic,True,False,True,531.78
C100802,Nora,Jain,2026-04-26,AU,instagram,True,False,True,454.67
C100803,Finn,Zola,2025-03-18,US-WA,email-referral,True,False,True,207.09
C100804,Aria,Reyes,2024-04-30,UK,google,True,True,False,285.56
C100805,Cleo,Ellis,2024-04-04,DE,google,True,True,True,510.13
C100806,Beau,Ellis,2024-07-17,DE,tiktok,True,False,False,176.78
C100807,Diego,Park,2026-01-22,UK,podcast,True,False,False,186.61
C100808,Lila,Weber,2025-02-20,AU,tiktok,True,True,False,227.54
C100809,Milo,Shah,2024-11-01,UK,email-referral,True,False,True,241.07
C100810,Xena,Nash,2025-12-12,US-CA,organic,False,True,True,332.72
C100811,Cleo,Vance,2024-09-13,US-TX,email-referral,True,False,True,317.22
C100812,Milo,Vogel,2025-12-25,US-FL,instagram,True,True,False,171.66
C100813,Pavel,Mora,2024-08-11,AU,email-referral,False,False,True,304.49
C100814,Diego,Berg,2026-03-18,UK,email-referral,True,False,False,232.07
C100815,Quinn,Shah,2025-03-25,US-FL,tiktok,True,True,True,231.98
C100816,Beau,Ueda,2025-02-19,US-TX,instagram,False,False,True,179.72
C100817,Pavel,Gray,2025-11-30,US-WA,email-referral,True,True,True,310.31
C100818,Zoe,Lopez,2025-10-03,AU,instagram,True,False,False,214.64
C100819,Sofia,Torres,2025-08-14,AU,email-referral,True,False,True,258.83
C100820,Kira,Zola,2025-01-10,US-IL,podcast,True,False,True,213.82
C100821,Lena,Bauer,2025-09-11,UK,email-referral,True,False,False,71.68
C100822,Owen,Costa,2024-06-10,US-WA,podcast,True,False,False,110.43
C100823,Priya,Reyes,2026-05-31,FR,instagram,True,False,True,329.22
C100824,Mara,Khan,2025-07-20,US-IL,tiktok,True,False,False,250.06
C100825,Rina,Gray,2026-04-08,CA,podcast,False,False,True,386.32
C100826,Isla,Yilmaz,2025-01-23,US-FL,tiktok,True,False,False,146.26
C100827,Pavel,Iqbal,2025-11-19,US-IL,tiktok,True,True,False,346.47
C100828,Kira,Ellis,2024-05-20,CA,organic,True,True,False,256.23
C100829,Hana,Ahmed,2026-06-08,US-TX,email-referral,True,False,False,325.94
C100830,Eli,Gray,2024-06-13,UK,organic,False,False,False,124.64
C100831,Lucy,Bauer,2026-05-04,DE,google,True,True,False,35.36
C100832,Yara,Moreau,2026-02-03,US-NY,organic,True,True,False,148.62
C100833,Lucy,Ellis,2025-06-27,US-CA,email-referral,True,True,False,182.75
C100834,Hana,Bauer,2026-06-05,US-CA,tiktok,True,True,False,72.72
C100835,Enzo,Ellis,2024-12-28,UK,tiktok,True,False,True,286.6
C100836,Priya,Novak,2024-09-24,US-TX,podcast,False,True,False,328.15
C100837,Wes,Quist,2026-01-13,FR,instagram,False,False,True,196.14
C100838,Vera,Diaz,2024-11-18,DE,google,True,False,False,214.86
C100839,Otis,Young,2025-01-06,US-NY,tiktok,True,True,False,51.9
C100840,Zane,Quist,2025-05-21,DE,email-referral,True,False,False,77.71
C100841,Marco,Gray,2025-11-04,US-TX,google,True,False,True,347.99
C100842,Mara,Vance,2025-01-13,UK,email-referral,False,False,False,47.75
C100843,Xena,Xu,2024-09-10,US-FL,tiktok,True,False,False,214.32
C100844,Jude,Iqbal,2025-03-16,DE,podcast,True,False,False,323.93
C100845,Xena,Zhang,2024-07-17,US-WA,podcast,True,False,True,520.44
C100846,Yara,Hunt,2024-12-20,CA,tiktok,True,False,False,52.4
C100847,Lena,Moreau,2025-06-30,AU,podcast,True,True,False,18.39
C100848,Ken,Bauer,2024-10-29,AU,organic,True,True,False,26.52
C100849,Zane,Ito,2025-06-14,US-TX,email-referral,True,False,True,338.3
C100850,Aria,Walsh,2025-12-06,US-NY,organic,True,True,False,104.94
C100851,Yara,Ferro,2024-12-22,US-TX,organic,True,True,True,332.42
C100852,Quinn,Ellis,2025-11-17,US-TX,tiktok,False,True,False,165.8
C100853,Lila,Haas,2024-04-26,FR,google,True,True,True,275.32
C100854,Otis,Xu,2024-12-27,US-IL,tiktok,True,False,True,320.72
C100855,Diego,Owens,2025-05-12,US-FL,organic,True,False,False,241.68
C100856,Yara,Nash,2025-08-19,US-CA,tiktok,True,True,False,48.72
C100857,Priya,Khan,2025-04-23,US-WA,instagram,True,False,True,395.17
C100858,Milo,Novak,2024-12-08,US-FL,google,True,True,True,204.37
C100859,Priya,Ellis,2025-09-16,US-IL,organic,True,False,True,268.68
C100860,Leo,Ellis,2024-10-01,US-IL,email-referral,True,False,False,317.05
C100861,Yara,Walsh,2026-04-10,US-CA,email-referral,True,True,True,302.29
C100862,Ivy,Khan,2025-10-16,US-WA,tiktok,True,True,False,594.92
C100863,Priya,Yilmaz,2026-01-07,US-IL,instagram,True,True,True,430.54
C100864,Aria,Chen,2026-04-12,AU,email-referral,True,False,True,588.04
C100865,Zoe,Reyes,2025-09-17,US-FL,email-referral,False,True,False,164.05
C100866,Sage,Mora,2025-07-10,US-CA,organic,True,True,True,475.3
C100867,Nico,Vogel,2025-11-08,AU,podcast,True,False,False,57.85
C100868,Wes,Quist,2024-03-18,US-IL,tiktok,True,True,True,414.06
C100869,Liam,Silva,2026-02-07,CA,email-referral,True,False,True,458.03
C100870,Diego,Nash,2025-04-13,UK,podcast,True,False,False,75.26
C100871,Hana,Ito,2024-11-08,US-TX,email-referral,True,True,False,254.77
C100872,Zane,Khan,2024-07-27,US-CA,email-referral,True,False,False,286.56
C100873,Wes,Gray,2024-02-19,US-NY,tiktok,False,True,False,176.3
C100874,Quinn,Lund,2024-06-12,FR,email-referral,True,False,False,319.17
C100875,Hana,Khan,2024-11-27,US-NY,podcast,False,False,True,572.15
C100876,Yara,Patel,2025-01-11,FR,email-referral,True,False,False,331.42
C100877,Owen,Lopez,2024-08-18,US-CA,podcast,True,True,False,295.23
C100878,Hana,Silva,2024-06-19,US-TX,podcast,True,False,False,441.89
C100879,Priya,Gray,2024-10-02,US-NY,email-referral,True,False,True,227.15
C100880,Gus,Xu,2025-06-09,US-TX,organic,True,False,False,278.54
C100881,Mara,Patel,2026-02-12,US-IL,tiktok,True,True,True,410.24
C100882,Lila,Diaz,2025-07-25,CA,instagram,True,False,False,316.03
C100883,Aria,Lund,2024-09-29,DE,podcast,True,False,False,173.86
C100884,Cleo,Iqbal,2026-02-08,AU,tiktok,True,True,False,295.57
C100885,Uma,Vogel,2025-04-30,US-WA,google,False,False,False,210.5
C100886,Noah,Jain,2025-03-20,US-CA,google,True,True,False,386.02
C100887,Kira,Bauer,2026-05-02,US-CA,email-referral,True,False,False,236.97
C100888,Aria,Costa,2025-01-20,DE,google,True,True,False,34.76
C100889,Lila,Zhang,2024-05-07,US-IL,organic,True,False,True,367.75
C100890,Iris,Chen,2024-11-27,AU,podcast,True,True,False,218.88
C100891,Finn,Park,2024-04-07,US-NY,google,True,True,True,576.22
C100892,Elsa,Vance,2025-07-19,US-NY,google,True,True,True,262.34
C100893,Tara,Gray,2025-06-29,US-CA,podcast,True,True,False,424.3
C100894,Tara,Torres,2024-07-25,US-FL,email-referral,True,True,True,306.25
C100895,Priya,Ward,2024-04-07,US-NY,organic,True,True,True,425.47
C100896,Marco,Reyes,2025-09-04,CA,podcast,True,True,True,396.64
C100897,Cleo,Haas,2024-09-26,UK,instagram,True,False,False,357.3
C100898,Jack,Oduya,2024-08-19,UK,google,True,True,False,153.29
C100899,Noah,Torres,2024-12-05,DE,instagram,True,True,True,135.83
C100900,Eli,Torres,2024-03-31,FR,tiktok,False,False,False,109.58
C100901,Rosa,Patel,2025-07-18,AU,tiktok,True,True,False,88.04
C100902,Tara,Zhang,2025-02-16,DE,instagram,True,True,True,234.96
C100903,Pia,Zola,2025-07-07,US-NY,email-referral,True,False,False,106.9
C100904,Beau,Weber,2025-10-05,US-FL,podcast,False,True,True,253.41
C100905,Amara,Novak,2024-07-29,US-NY,google,False,False,False,688.59
C100906,Noah,Ueda,2025-08-23,CA,organic,True,False,False,504.66
C100907,Sage,Lopez,2024-05-11,DE,google,True,True,False,505.56
C100908,Omar,Iqbal,2024-06-06,US-FL,tiktok,False,True,False,416.24
C100909,Lila,Ward,2025-05-14,US-IL,organic,True,False,False,254.83
C100910,Kira,Young,2024-03-27,US-NY,tiktok,True,False,True,372.38
C100911,Mia,Nash,2026-02-08,US-CA,organic,False,False,True,410.78
C100912,Lena,Rossi,2025-03-17,US-NY,tiktok,True,False,False,75.39
C100913,Otis,Berg,2024-07-30,US-IL,podcast,True,False,True,464.13
C100914,Nadia,Klein,2025-02-01,UK,email-referral,True,True,True,227.55
C100915,Finn,Patel,2026-05-24,US-NY,podcast,True,False,True,305.94
C100916,Beau,Costa,2025-07-29,US-TX,podcast,True,True,True,729.3
C100917,Ken,Ortiz,2024-07-26,CA,podcast,True,False,True,297.44
C100918,Marco,Reyes,2024-07-18,US-TX,podcast,True,False,False,126.95
C100919,Owen,Ito,2024-03-20,AU,instagram,True,True,True,28.7
C100920,Kira,Costa,2026-01-17,UK,email-referral,True,True,False,187.08
C100921,Priya,Ito,2024-09-12,CA,email-referral,False,False,False,45.79
C100922,Owen,Lund,2025-09-12,US-WA,google,False,False,False,174.4
C100923,Milo,Reyes,2025-06-17,US-WA,tiktok,True,False,False,213.11
C100924,Otis,Rossi,2025-04-07,UK,tiktok,False,False,False,188.47
C100925,Hana,Torres,2025-07-11,AU,tiktok,True,False,False,43.75
C100926,Milo,Xu,2026-05-01,US-FL,podcast,True,False,True,334.91
C100927,Eli,Iqbal,2024-07-25,AU,email-referral,True,False,False,486.42
C100928,Wes,Novak,2025-02-11,FR,podcast,True,False,True,340.98
C100929,Amara,Khan,2026-03-15,US-NY,instagram,True,False,True,273.79
C100930,Iris,Shah,2026-05-17,UK,email-referral,True,True,False,139.73
C100931,Lila,Berg,2025-01-19,US-IL,email-referral,True,True,True,147.23
C100932,Rina,Klein,2025-01-30,DE,podcast,True,False,True,421.57
C100933,Sofia,Young,2025-04-23,CA,podcast,False,True,False,390.7
C100934,Iris,Moreau,2024-05-26,US-TX,instagram,True,True,False,398.42
C100935,Vera,Ueda,2025-09-08,CA,instagram,True,False,False,326.7
C100936,Elsa,Diaz,2024-07-18,US-NY,tiktok,True,False,False,72.27
C100937,Nadia,Patel,2026-04-30,US-NY,tiktok,True,True,False,160.01
C100938,Jack,Lopez,2026-03-27,US-IL,podcast,True,True,False,44.67
C100939,Nina,Owens,2026-02-07,FR,google,True,True,False,170.28
C100940,Nina,Ellis,2026-04-29,US-CA,tiktok,True,False,True,471.46
C100941,Nadia,Ferro,2024-06-17,AU,podcast,False,True,True,470.93
C100942,Yara,Ueda,2026-01-05,US-TX,email-referral,True,True,True,276.52
C100943,Lena,Ueda,2026-04-07,US-NY,tiktok,True,False,False,250.35
C100944,Drew,Hunt,2024-06-16,US-TX,instagram,True,False,False,104.26
C100945,Wes,Klein,2025-03-23,AU,email-referral,True,False,False,267.26
C100946,Iris,Vogel,2025-10-18,US-NY,podcast,True,False,False,242.39
C100947,Cleo,Diaz,2026-01-04,UK,organic,False,True,True,364.85
C100948,Finn,Patel,2025-03-16,US-WA,podcast,True,True,True,342.7
C100949,Uma,Jain,2025-07-22,AU,email-referral,False,False,False,189.95
C100950,Ivy,Quist,2024-07-08,US-CA,email-referral,True,False,False,70.92
C100951,Omar,Klein,2024-08-12,US-WA,tiktok,False,True,False,260.64
C100952,Faye,Lopez,2024-06-14,DE,google,False,False,False,239.25
C100953,Kira,Iqbal,2024-09-02,UK,tiktok,True,True,False,358.82
C100954,Priya,Gray,2025-04-14,US-FL,instagram,True,True,True,345.61
C100955,Sage,Ito,2025-11-09,US-CA,google,True,False,True,498.48
C100956,Aria,Gray,2026-01-09,FR,email-referral,True,False,False,228.03
C100957,Gus,Ward,2025-12-02,DE,podcast,False,False,True,322.88
C100958,Diego,Berg,2024-10-02,DE,google,True,False,False,281.98
C100959,Zoe,Torres,2025-11-30,FR,tiktok,True,False,True,955.68
C100960,Enzo,Ellis,2024-10-15,US-NY,instagram,True,False,False,21.39
C100961,Finn,Young,2026-01-13,US-CA,instagram,True,True,False,69.38
C100962,Ava,Tanaka,2025-06-08,UK,tiktok,True,False,False,139.61
C100963,Vera,Walsh,2024-02-13,US-WA,organic,True,True,False,73.86
C100964,Jude,Rossi,2024-12-29,CA,google,False,False,False,205.59
C100965,Priya,Nash,2026-01-15,US-TX,organic,False,True,False,182.66
C100966,Amara,Zhang,2024-07-22,US-NY,google,False,False,False,276.02
C100967,Wes,Owens,2025-07-07,FR,tiktok,False,False,False,200.64
C100968,Beau,Rossi,2025-05-14,US-FL,organic,True,True,False,149.62
C100969,Theo,Bauer,2024-07-23,CA,tiktok,True,False,True,421.53
C100970,Max,Park,2025-12-22,US-NY,organic,True,True,False,196.95
C100971,Lila,Walsh,2024-03-09,UK,organic,True,False,True,686.13
C100972,Wes,Haas,2025-10-19,UK,tiktok,True,True,False,69.69
C100973,Tess,Weber,2025-08-02,DE,organic,True,False,True,465.26
C100974,Rosa,Berg,2025-04-28,US-FL,instagram,False,True,True,502.76
C100975,Elsa,Zola,2025-06-05,UK,podcast,True,True,False,203.19
C100976,Sofia,Reyes,2025-11-27,UK,podcast,True,True,False,270.03
C100977,Zane,Weber,2026-02-26,US-WA,tiktok,True,False,False,194.56
C100978,Remy,Khan,2025-07-22,CA,email-referral,True,False,False,210.21
C100979,Tess,Zola,2026-04-12,US-WA,instagram,True,False,False,58.81
C100980,Owen,Jain,2026-02-18,US-FL,organic,True,True,True,353.14
C100981,Ivy,Young,2026-04-01,CA,email-referral,False,True,False,35.39
C100982,Tara,Tanaka,2025-03-19,US-WA,google,False,False,True,286.16
C100983,Aria,Yilmaz,2025-12-10,AU,organic,True,False,True,381.25
C100984,Nadia,Owens,2026-03-19,US-TX,email-referral,True,False,True,224.34
C100985,Milo,Ito,2025-09-10,US-WA,organic,True,True,False,347.51
C100986,Uma,Ortiz,2024-03-04,CA,podcast,True,True,False,204.71
C100987,Max,Khan,2024-04-09,AU,tiktok,True,False,False,230.85
C100988,Pavel,Kim,2024-10-24,CA,podcast,True,True,False,210.69
C100989,Rosa,Yilmaz,2024-03-30,US-IL,email-referral,True,False,True,293.48
C100990,Diego,Ueda,2026-03-16,US-WA,organic,True,False,False,134.54
C100991,Zoe,Xu,2024-10-23,US-TX,instagram,True,True,False,454.07
C100992,Faye,Yilmaz,2024-06-17,US-NY,podcast,True,True,False,94.18
C100993,Otis,Rossi,2024-04-02,US-TX,instagram,True,True,False,119.15
C100994,Nadia,Torres,2025-09-20,US-WA,organic,True,True,False,542.74
C100995,Beau,Kim,2025-08-23,US-FL,email-referral,True,False,False,102.18
C100996,Rina,Khan,2026-05-17,US-WA,podcast,True,False,False,132.02
C100997,Ken,Novak,2026-03-15,US-TX,organic,True,False,True,228.11
C100998,Finn,Khan,2025-01-14,CA,podcast,False,False,True,154.32
C100999,Zoe,Oduya,2025-11-27,US-WA,instagram,True,False,False,75.88
C101000,Wes,Mora,2025-02-04,DE,instagram,False,False,False,95.83
C101001,Tara,Vance,2024-02-21,US-CA,google,True,True,False,262.34
C101002,Finn,Torres,2025-09-15,US-TX,email-referral,True,False,True,323.34
C101003,Pia,Ortiz,2024-07-20,DE,organic,True,True,False,61.37
C101004,Faye,Berg,2026-05-18,US-CA,organic,True,True,False,354.13
C101005,Noah,Owens,2026-02-02,US-WA,podcast,True,False,False,83.37
C101006,Ava,Vogel,2024-04-11,US-CA,instagram,True,True,False,438.92
C101007,Gus,Iqbal,2024-12-27,DE,instagram,True,True,True,280.37
C101008,Sofia,Klein,2024-09-20,UK,podcast,True,False,False,74.79
C101009,Tess,Berg,2024-09-07,US-WA,email-referral,True,False,False,259.71
C101010,Hana,Ortiz,2024-04-14,US-IL,organic,True,False,True,452.35
C101011,Nadia,Lopez,2024-11-12,UK,tiktok,True,False,True,657.42
C101012,Rosa,Yilmaz,2026-03-20,US-WA,instagram,True,False,False,126.43
C101013,Otis,Berg,2026-01-21,US-NY,email-referral,True,False,False,77.79
C101014,Pavel,Jain,2024-10-22,UK,email-referral,True,True,False,23.49
C101015,Iris,Gray,2024-03-23,UK,google,True,False,False,165.7
C101016,Mara,Nash,2026-02-20,US-WA,google,True,False,True,197.8
C101017,Rosa,Chen,2026-06-09,US-TX,podcast,True,False,False,158.01
C101018,Milo,Kim,2025-10-03,US-IL,organic,True,False,False,35.39
C101019,Nora,Zola,2026-02-14,UK,tiktok,True,False,True,328.08
C101020,Quinn,Xu,2024-09-03,US-NY,google,True,True,False,515.04
C101021,Hana,Xu,2024-12-10,US-CA,instagram,True,False,True,641.51
C101022,Nico,Mora,2026-02-19,UK,organic,True,True,False,431.23
C101023,Diego,Rossi,2024-12-11,US-WA,google,True,False,False,198.73
C101024,Yara,Silva,2025-05-19,AU,podcast,True,False,True,360.21
C101025,Kira,Ortiz,2025-08-07,CA,tiktok,True,False,False,316.58
C101026,Sage,Ellis,2024-07-11,US-FL,tiktok,True,True,True,267.55
C101027,Noah,Vance,2026-04-03,FR,google,True,True,False,140.13
C101028,Marco,Bauer,2026-04-26,DE,organic,True,True,True,250.45
C101029,Yara,Chen,2024-03-30,FR,email-referral,True,False,False,337.71
C101030,Omar,Yilmaz,2024-10-21,US-CA,instagram,True,True,True,254.64
C101031,Pavel,Moreau,2025-03-16,UK,tiktok,True,True,True,301.73
C101032,Kira,Silva,2024-03-08,US-FL,organic,False,True,False,133.4
C101033,Finn,Reyes,2024-06-08,US-TX,google,True,True,False,174.42
C101034,Priya,Torres,2024-07-26,US-NY,podcast,False,False,False,246.26
C101035,Sage,Ellis,2026-05-26,US-IL,instagram,True,False,True,172.67
C101036,Jack,Lopez,2024-11-09,FR,organic,True,False,False,185.9
C101037,Leo,Zola,2024-05-22,US-WA,tiktok,True,True,False,172.47
C101038,Nora,Ferro,2026-04-12,US-WA,organic,True,False,False,24.87
C101039,Rosa,Young,2025-02-28,AU,instagram,True,False,True,80.18
C101040,Rina,Jain,2025-08-17,CA,instagram,True,True,True,294.04
C101041,Omar,Zola,2024-04-11,US-WA,instagram,True,False,True,503.51
C101042,Noah,Berg,2024-07-18,US-NY,tiktok,True,False,False,204.84
C101043,Otis,Ahmed,2024-07-02,US-NY,podcast,True,False,False,227.74
C101044,Liam,Nash,2025-05-03,UK,tiktok,False,True,False,83.95
C101045,Otis,Quist,2024-03-04,US-WA,instagram,True,True,False,279.75
C101046,Liam,Yilmaz,2025-04-16,FR,instagram,True,False,False,128.42
C101047,Gus,Oduya,2025-07-05,US-CA,podcast,True,False,False,222.57
C101048,Eli,Quist,2026-03-18,US-CA,email-referral,False,True,False,87.83
C101049,Tess,Berg,2025-09-18,DE,tiktok,False,False,False,259.42
C101050,Lena,Chen,2024-10-24,US-TX,tiktok,True,False,False,54.83
C101051,Noah,Torres,2025-04-23,US-CA,organic,True,True,False,50.39
C101052,Remy,Berg,2024-04-12,US-CA,podcast,True,False,True,336.38
C101053,Noah,Tanaka,2025-05-05,DE,podcast,True,True,False,43.5
C101054,Isla,Shah,2025-10-30,US-IL,podcast,True,False,True,235.14
C101055,Beau,Novak,2026-04-22,US-WA,email-referral,True,False,True,367.17
C101056,Iris,Ferro,2025-09-29,US-IL,organic,False,False,True,376.89
C101057,Omar,Walsh,2024-10-01,US-FL,instagram,True,False,False,106.69
C101058,Nina,Ueda,2024-07-12,FR,tiktok,True,False,True,499.6
C101059,Gus,Oduya,2024-08-19,US-IL,podcast,True,False,False,43.61
C101060,Omar,Shah,2026-01-14,US-NY,google,True,False,True,291.46
C101061,Theo,Ito,2025-06-16,US-WA,tiktok,True,False,True,676.95
C101062,Beau,Mora,2025-07-03,US-CA,tiktok,True,False,True,265.76
C101063,Owen,Ortiz,2026-05-17,UK,instagram,False,False,False,52.44
C101064,Marco,Novak,2025-11-29,UK,organic,True,False,True,432.88
C101065,Otis,Novak,2025-07-04,UK,email-referral,True,False,True,326.02
C101066,Priya,Park,2024-09-16,UK,organic,True,True,False,255.65
C101067,Uma,Ahmed,2025-06-19,US-TX,google,True,True,False,262.46
C101068,Rosa,Ferro,2024-11-09,US-TX,tiktok,True,True,True,741.42
C101069,Mia,Diaz,2025-02-04,DE,instagram,False,False,False,283.35
C101070,Rina,Vogel,2024-05-20,FR,tiktok,True,True,False,116.81
C101071,Lucy,Lopez,2026-01-03,US-CA,instagram,True,True,False,126.26
C101072,Hana,Lopez,2025-04-09,FR,tiktok,True,False,False,49.04
C101073,Jack,Lopez,2024-11-18,US-CA,email-referral,True,True,False,146.75
C101074,Milo,Lund,2025-09-01,US-IL,instagram,True,True,True,474.44
C101075,Iris,Zola,2024-08-25,CA,podcast,True,False,False,234.84
C101076,Pia,Jain,2025-02-28,FR,instagram,True,False,False,170.14
C101077,Ivy,Owens,2024-06-11,CA,tiktok,False,False,False,26.23
C101078,Rosa,Quist,2026-02-26,UK,instagram,True,True,False,184.17
C101079,Diego,Chen,2026-01-08,US-WA,tiktok,True,False,True,490.3
C101080,Lila,Nash,2025-03-08,CA,tiktok,False,False,False,139.55
C101081,Remy,Haas,2025-01-05,US-WA,google,True,False,False,72.25
C101082,Zane,Vance,2024-12-02,US-FL,email-referral,True,True,False,176.85
C101083,Cleo,Lund,2024-09-23,DE,instagram,True,True,False,138.52
C101084,Hana,Mora,2025-01-30,US-FL,email-referral,False,True,False,273.3
C101085,Owen,Owens,2024-02-15,US-WA,instagram,True,True,False,488.64
C101086,Cleo,Berg,2025-01-06,US-NY,email-referral,True,True,True,326.34
C101087,Lila,Patel,2024-04-15,UK,tiktok,True,False,False,365.74
C101088,Ivy,Zola,2025-01-13,DE,email-referral,True,False,False,445.6
C101089,Lila,Vance,2024-08-02,US-FL,tiktok,False,False,True,412.5
C101090,Tess,Jain,2025-12-29,US-NY,podcast,True,False,False,105.51
C101091,Hana,Kim,2024-07-14,UK,organic,True,False,False,206.66
C101092,Mara,Kim,2025-10-15,US-WA,email-referral,True,False,True,227.05
C101093,Owen,Zhang,2025-08-19,US-FL,google,True,False,True,161.15
C101094,Nico,Shah,2025-06-09,US-IL,google,False,False,False,131.16
C101095,Omar,Diaz,2025-06-04,US-TX,podcast,True,False,False,429.02
C101096,Liam,Lund,2024-07-10,US-TX,tiktok,True,False,False,115.38
C101097,Ruby,Ellis,2026-03-04,US-FL,tiktok,True,False,False,246.45
C101098,Rina,Ellis,2024-04-13,CA,podcast,True,True,True,354.34
C101099,Mara,Kim,2026-03-23,DE,instagram,True,True,True,341.83
C101100,Yara,Haas,2025-12-04,US-CA,instagram,True,False,False,197.79
C101101,Enzo,Oduya,2024-09-06,DE,organic,True,False,True,362.21
C101102,Aria,Reyes,2025-02-02,FR,instagram,True,True,True,469.2
C101103,Xena,Oduya,2025-07-13,US-IL,tiktok,False,False,True,443.59
C101104,Iris,Ward,2025-10-28,US-WA,organic,True,False,False,157.19
C101105,Uma,Ahmed,2026-02-12,DE,email-referral,True,True,False,46.12
C101106,Remy,Gray,2024-08-16,US-IL,google,True,False,False,107.16
C101107,Ken,Nash,2024-12-04,FR,tiktok,True,True,True,360.43
C101108,Isla,Bauer,2026-06-06,CA,google,True,False,True,64.58
C101109,Vera,Zola,2024-06-09,FR,instagram,True,True,False,47.78
C101110,Leo,Ward,2024-03-24,US-IL,organic,True,True,True,333.85
C101111,Kira,Rossi,2024-04-08,US-FL,email-referral,True,False,False,107.95
C101112,Remy,Patel,2026-04-30,UK,tiktok,True,True,False,58.03
C101113,Yara,Shah,2026-03-01,CA,tiktok,True,False,False,197.22
C101114,Owen,Lund,2026-01-18,CA,email-referral,False,True,False,332.14
C101115,Ken,Hunt,2024-04-13,US-FL,tiktok,True,False,False,222.74
C101116,Sofia,Zhang,2024-10-07,US-FL,tiktok,True,False,True,337.96
C101117,Zane,Iqbal,2024-06-18,US-WA,google,True,True,False,227.41
C101118,Gus,Ito,2024-11-08,UK,instagram,True,False,False,283.36
C101119,Ruby,Berg,2025-11-02,US-NY,instagram,True,False,False,288.64
C101120,Lucy,Costa,2026-05-16,US-WA,tiktok,True,True,False,201.97
C101121,Vera,Vogel,2026-01-05,US-FL,google,False,False,False,297.6
C101122,Kira,Iqbal,2024-09-18,CA,google,True,True,True,375.79
C101123,Nadia,Klein,2025-01-27,FR,tiktok,True,False,False,136.43
C101124,Wes,Lund,2026-04-06,US-CA,organic,True,False,True,326.37
C101125,Ken,Chen,2025-04-22,US-NY,instagram,True,False,False,389.12
C101126,Mia,Berg,2026-04-09,CA,google,True,False,True,300.13
C101127,Ken,Xu,2026-06-15,US-FL,tiktok,True,True,True,39.13
C101128,Remy,Mora,2026-03-17,US-WA,podcast,True,False,False,370.25
C101129,Sofia,Jain,2025-02-23,UK,email-referral,False,True,False,69.47
C101130,Omar,Nash,2024-05-27,DE,podcast,True,False,False,413.14
C101131,Gus,Ueda,2024-04-20,UK,instagram,True,True,False,27.78
C101132,Beau,Berg,2025-06-08,UK,organic,True,False,False,375.95
C101133,Enzo,Young,2025-04-21,US-TX,organic,True,False,False,178.29
C101134,Nico,Costa,2024-07-31,US-WA,instagram,True,False,False,201.65
C101135,Beau,Tanaka,2026-01-13,UK,organic,True,False,False,85.81
C101136,Tara,Mora,2025-10-18,FR,organic,True,True,False,416.81
C101137,Rosa,Silva,2025-06-24,UK,google,True,True,False,395.51
C101138,Jack,Young,2026-03-08,FR,google,False,True,False,219.06
C101139,Cleo,Patel,2025-11-26,CA,instagram,True,False,False,229.64
C101140,Jack,Torres,2025-07-08,UK,google,True,False,False,57.84
C101141,Hana,Silva,2025-11-15,DE,instagram,True,False,True,391.55
C101142,Nico,Tanaka,2025-11-04,FR,organic,True,True,False,67.32
C101143,Lena,Silva,2026-02-28,US-FL,google,True,False,False,453.93
C101144,Theo,Chen,2026-05-24,US-IL,instagram,True,True,False,175.43
C101145,Quinn,Ito,2026-04-11,UK,email-referral,True,False,False,319.12
C101146,Max,Lund,2024-06-17,US-FL,podcast,True,True,False,179.51
C101147,Kai,Costa,2026-04-24,AU,podcast,True,False,False,79.46
C101148,Rosa,Shah,2024-05-28,US-IL,email-referral,True,True,False,313.23
C101149,Mara,Ferro,2024-09-10,US-NY,google,True,False,False,238.03
C101150,Diego,Weber,2026-02-14,CA,tiktok,True,True,True,610.59
C101151,Theo,Xu,2024-04-23,US-CA,podcast,False,False,False,21.37
C101152,Rina,Yilmaz,2024-10-25,AU,podcast,True,False,False,59.54
C101153,Tara,Oduya,2026-01-02,UK,organic,True,False,False,460.3
C101154,Omar,Quist,2025-08-10,US-TX,podcast,False,False,True,503.32
C101155,Kira,Vance,2026-01-20,DE,email-referral,True,True,True,457.91
C101156,Owen,Chen,2025-11-16,US-IL,tiktok,True,True,False,172.78
C101157,Ruby,Park,2024-08-02,FR,podcast,True,True,False,173.95
C101158,Nina,Shah,2024-08-23,FR,email-referral,True,True,True,147.48
C101159,Marco,Chen,2026-01-24,CA,google,False,True,True,256.21
C101160,Sofia,Quist,2025-05-01,DE,google,True,False,True,80.68
C101161,Quinn,Park,2025-05-02,US-NY,organic,False,True,True,371.69
C101162,Gus,Owens,2026-06-02,DE,organic,True,True,True,684.99
C101163,Zoe,Zhang,2026-01-12,US-TX,google,True,True,False,50.83
C101164,Owen,Zhang,2026-03-27,UK,tiktok,True,False,False,113.42
C101165,Max,Jain,2025-12-14,US-NY,instagram,True,False,True,337.92
C101166,Lucy,Park,2025-06-10,US-NY,email-referral,True,True,False,207.73
C101167,Zoe,Torres,2025-09-15,UK,organic,True,True,False,261.14
C101168,Beau,Rossi,2024-12-30,AU,tiktok,True,True,False,241.72
C101169,Ivy,Walsh,2025-07-16,UK,podcast,True,False,True,184.18
C101170,Pia,Chen,2025-08-16,CA,instagram,True,False,True,243.72
C101171,Sofia,Jain,2025-05-19,US-TX,tiktok,True,False,False,88.23
C101172,Priya,Novak,2024-02-16,DE,organic,False,False,True,263.68
C101173,Isla,Oduya,2025-03-30,FR,organic,True,False,False,182.21
C101174,Owen,Silva,2025-06-06,US-CA,instagram,True,False,False,116.55
C101175,Milo,Yilmaz,2025-10-09,US-TX,google,True,False,False,156.16
C101176,Mara,Gray,2025-11-09,US-NY,instagram,True,False,True,114.09
C101177,Iris,Park,2026-03-31,AU,instagram,True,False,False,237.14
C101178,Nina,Zola,2024-07-22,US-FL,instagram,True,False,False,63.54
C101179,Owen,Ward,2025-07-03,AU,instagram,False,False,False,266.41
C101180,Tess,Silva,2026-02-11,US-WA,podcast,True,False,False,208.2
C101181,Mia,Park,2025-11-18,US-IL,instagram,True,False,True,393.03
C101182,Kira,Vogel,2024-07-27,US-IL,podcast,True,False,False,315.52
C101183,Ava,Iqbal,2025-04-01,US-CA,organic,True,False,False,66.59
C101184,Elsa,Novak,2024-06-25,US-FL,tiktok,True,True,True,222.27
C101185,Jude,Novak,2026-03-16,US-IL,email-referral,True,True,False,211.3
C101186,Leo,Zhang,2024-02-29,US-WA,email-referral,True,True,False,324.46
C101187,Elsa,Xu,2025-03-11,US-IL,google,True,False,False,147.49
C101188,Yara,Park,2025-01-12,US-TX,instagram,True,True,False,93.98
C101189,Quinn,Iqbal,2024-08-30,DE,tiktok,True,True,False,202.46
C101190,Remy,Quist,2025-03-12,US-IL,podcast,False,True,False,200.77
C101191,Faye,Oduya,2024-07-14,US-TX,tiktok,True,False,False,185.39
C101192,Mia,Haas,2024-06-16,DE,organic,True,True,False,148.52
C101193,Nora,Ito,2024-05-01,US-NY,organic,True,False,True,185.47
C101194,Drew,Mora,2024-08-21,US-WA,email-referral,True,True,True,322.96
C101195,Vera,Ortiz,2024-07-16,US-IL,email-referral,True,True,False,268.45
C101196,Kai,Ellis,2025-01-26,DE,email-referral,True,False,False,605.91
C101197,Nadia,Vance,2026-01-18,US-CA,google,True,True,False,350.32
C101198,Diego,Iqbal,2025-08-05,UK,google,True,True,False,308.35
C101199,Zane,Diaz,2024-07-08,DE,email-referral,True,False,False,70.98
C101200,Tess,Ito,2025-12-09,AU,email-referral,True,False,True,527.81
C101201,Drew,Zola,2024-03-19,FR,organic,True,False,False,434.42
C101202,Mara,Hunt,2024-04-01,US-TX,google,True,False,False,123.62
C101203,Isla,Nash,2026-03-27,CA,instagram,True,True,False,84.96
C101204,Sofia,Ortiz,2024-06-15,US-TX,instagram,False,False,False,257.96
C101205,Quinn,Novak,2026-05-05,DE,organic,True,False,False,125.71
C101206,Pia,Chen,2024-08-19,US-TX,organic,True,False,False,110.85
C101207,Isla,Owens,2024-10-21,US-FL,podcast,True,False,True,234.27
C101208,Milo,Shah,2025-06-08,AU,organic,True,False,False,24.56
C101209,Marco,Bauer,2025-03-23,US-IL,instagram,True,False,False,213.68
C101210,Liam,Moreau,2024-12-21,US-NY,organic,True,False,False,45.68
C101211,Hana,Torres,2024-02-28,US-CA,organic,True,False,True,227.21
C101212,Pavel,Ahmed,2024-08-10,US-NY,email-referral,True,True,False,203.15
C101213,Kira,Lund,2024-03-04,US-FL,tiktok,True,False,True,215.83
C101214,Theo,Walsh,2025-07-29,US-WA,email-referral,False,False,False,181.33
C101215,Theo,Chen,2026-03-25,US-IL,google,True,False,False,114.51
C101216,Jude,Patel,2024-08-01,US-IL,organic,True,True,False,240.83
C101217,Yara,Torres,2024-09-20,US-TX,podcast,True,False,False,144.83
C101218,Pia,Ito,2026-02-15,US-NY,instagram,True,True,True,130.46
C101219,Lucy,Ward,2024-03-12,US-FL,google,True,True,True,675.67
C101220,Enzo,Ellis,2025-07-11,US-NY,email-referral,True,False,False,116.27
C101221,Drew,Ahmed,2026-03-15,US-CA,podcast,True,False,False,41.84
C101222,Nadia,Zhang,2024-06-02,UK,organic,True,False,False,393.42
C101223,Finn,Owens,2024-04-17,US-IL,podcast,False,False,False,166.35
C101224,Beau,Klein,2024-07-11,US-NY,google,False,True,False,452.62
C101225,Wes,Torres,2025-06-23,US-CA,email-referral,True,True,True,738.35
C101226,Tara,Xu,2025-01-16,US-TX,tiktok,True,False,False,582.96
C101227,Ruby,Mora,2024-04-22,US-NY,organic,True,False,True,286.25
C101228,Ava,Mora,2026-03-21,US-FL,tiktok,False,False,True,566.35
C101229,Xena,Zola,2024-05-15,CA,email-referral,True,False,False,88.72
C101230,Rina,Ward,2025-01-19,US-TX,email-referral,True,False,False,437.84
C101231,Marco,Bauer,2024-03-04,US-TX,instagram,True,True,False,24.53
C101232,Uma,Shah,2025-07-12,US-CA,email-referral,True,False,False,181.13
C101233,Amara,Reyes,2024-08-22,UK,tiktok,True,False,False,107.69
C101234,Drew,Zola,2024-02-18,US-WA,organic,True,True,True,1017.08
C101235,Marco,Ellis,2025-03-17,US-FL,organic,True,False,True,241.98
C101236,Ruby,Ahmed,2024-09-03,DE,tiktok,True,False,False,264.87
C101237,Quinn,Owens,2025-06-13,US-FL,tiktok,False,False,False,202.14
C101238,Ivy,Walsh,2024-11-16,CA,podcast,True,False,False,75.06
C101239,Lila,Park,2025-04-04,US-FL,email-referral,True,True,False,236.74
C101240,Theo,Novak,2025-07-04,US-CA,google,True,True,False,31.11
C101241,Max,Vance,2024-05-29,DE,google,True,False,True,209.03
C101242,Mara,Silva,2025-09-02,US-CA,instagram,True,False,True,406.38
C101243,Ken,Vogel,2025-12-26,CA,email-referral,True,True,False,77.13
C101244,Hana,Tanaka,2025-02-10,US-IL,organic,True,False,False,265.63
C101245,Hana,Haas,2026-05-27,US-FL,google,True,True,True,432.76
C101246,Sage,Ward,2024-09-09,US-IL,google,True,False,True,708.32
C101247,Noah,Kim,2026-02-22,UK,organic,True,False,False,98.16
C101248,Lila,Hunt,2026-03-14,UK,podcast,True,True,False,316.28
C101249,Wes,Haas,2024-11-16,US-IL,google,False,False,False,188.26
C101250,Sofia,Ito,2026-03-23,DE,podcast,False,True,False,115.58
C101251,Tess,Ortiz,2024-10-16,AU,organic,True,False,False,161.63
C101252,Drew,Mora,2024-03-08,US-CA,instagram,True,False,False,429.1
C101253,Faye,Haas,2025-03-04,UK,google,True,True,False,82.21
C101254,Diego,Zola,2025-11-21,DE,email-referral,True,False,False,319.57
C101255,Isla,Young,2025-02-24,US-CA,podcast,True,False,False,188.42
C101256,Owen,Kim,2026-04-04,US-CA,tiktok,True,False,False,209.77
C101257,Quinn,Xu,2026-02-05,DE,tiktok,True,False,True,178.59
C101258,Pia,Zola,2025-02-20,UK,google,True,False,False,347.06
C101259,Priya,Ward,2025-07-30,UK,organic,True,False,False,243.58
C101260,Priya,Jain,2025-08-13,CA,podcast,False,True,False,346.64
C101261,Amara,Bauer,2024-09-20,US-IL,instagram,True,False,False,152.2
C101262,Jude,Oduya,2025-08-11,US-WA,google,True,True,False,292.65
C101263,Enzo,Gray,2026-06-14,DE,email-referral,True,False,False,242.22
C101264,Enzo,Vance,2024-03-02,UK,email-referral,True,False,False,246.14
C101265,Rosa,Zhang,2025-04-07,US-FL,instagram,True,False,True,463.87
C101266,Nora,Young,2024-05-14,AU,email-referral,True,False,False,191.17
C101267,Omar,Torres,2025-08-06,DE,google,True,False,False,216.09
C101268,Rina,Park,2026-03-07,AU,tiktok,True,False,True,351.88
C101269,Drew,Yilmaz,2024-11-09,US-WA,tiktok,True,True,False,237.91
C101270,Theo,Costa,2025-08-04,US-FL,organic,True,True,False,172.77
C101271,Nora,Ferro,2026-05-01,FR,instagram,True,False,False,439.0
C101272,Eli,Chen,2024-12-12,AU,podcast,True,False,True,479.13
C101273,Omar,Vance,2025-11-28,US-TX,tiktok,True,False,False,316.09
C101274,Lucy,Klein,2025-03-11,US-IL,tiktok,True,False,False,196.64
C101275,Cleo,Jain,2024-10-22,CA,google,True,True,True,611.33
C101276,Ava,Kim,2026-05-04,AU,tiktok,True,True,False,245.81
C101277,Leo,Zola,2024-12-18,DE,google,True,True,False,149.11
C101278,Amara,Jain,2024-04-15,AU,email-referral,False,False,False,165.09
C101279,Jack,Chen,2024-04-22,AU,email-referral,True,False,False,216.37
C101280,Jack,Yilmaz,2025-12-20,US-WA,email-referral,True,True,True,160.43
C101281,Ava,Lopez,2025-08-13,US-CA,email-referral,True,False,True,215.82
C101282,Drew,Ferro,2025-10-18,AU,email-referral,True,False,False,309.47
C101283,Elsa,Ortiz,2024-05-15,US-TX,instagram,True,True,True,364.99
C101284,Iris,Quist,2026-01-08,DE,instagram,True,False,False,163.5
C101285,Nora,Diaz,2026-04-09,US-WA,google,True,False,True,249.63
C101286,Xena,Tanaka,2025-06-08,US-TX,organic,False,True,False,170.51
C101287,Pia,Moreau,2025-05-14,US-NY,email-referral,True,False,True,390.27
C101288,Kai,Silva,2026-04-11,US-NY,podcast,True,False,True,357.95
C101289,Lila,Iqbal,2026-01-15,US-FL,email-referral,True,False,False,264.22
C101290,Nina,Lopez,2024-12-13,US-CA,tiktok,True,False,False,201.49
C101291,Tess,Patel,2026-06-17,US-NY,tiktok,True,False,False,225.13
C101292,Faye,Costa,2026-02-18,US-NY,google,True,True,False,336.83
C101293,Jude,Kim,2024-05-28,US-NY,organic,True,True,True,225.37
C101294,Zane,Nash,2024-05-31,US-FL,organic,True,False,True,403.65
C101295,Hana,Ferro,2024-08-11,AU,google,True,True,True,482.08
C101296,Mia,Torres,2025-07-17,US-IL,tiktok,True,False,False,154.92
C101297,Pavel,Walsh,2025-09-09,FR,podcast,True,False,True,466.62
C101298,Gus,Kim,2024-09-03,US-NY,podcast,True,False,False,194.66
C101299,Omar,Silva,2025-11-11,US-CA,podcast,True,False,True,361.87
C101300,Isla,Vance,2025-05-09,US-NY,tiktok,True,False,False,163.23
C101301,Drew,Park,2026-05-27,US-NY,tiktok,True,False,False,93.87
C101302,Iris,Zhang,2025-10-21,FR,tiktok,True,False,False,257.23
C101303,Theo,Haas,2024-05-02,US-FL,email-referral,False,True,False,54.77
C101304,Nico,Lopez,2024-07-13,US-TX,tiktok,True,False,False,122.56
C101305,Isla,Klein,2024-08-20,FR,organic,True,True,False,178.56
C101306,Kai,Owens,2025-08-13,AU,tiktok,True,False,False,437.52
C101307,Elsa,Diaz,2024-12-27,UK,tiktok,True,True,False,284.15
C101308,Quinn,Patel,2025-08-12,AU,tiktok,True,False,False,450.76
C101309,Elsa,Rossi,2024-06-29,FR,organic,False,True,False,48.46
C101310,Sage,Jain,2024-10-08,US-CA,organic,True,False,False,287.08
C101311,Diego,Xu,2025-06-29,CA,organic,True,True,False,196.71
C101312,Priya,Oduya,2025-09-05,CA,instagram,True,False,False,248.22
C101313,Sage,Ferro,2025-04-01,US-NY,organic,True,True,False,282.86
C101314,Lila,Patel,2025-05-26,US-WA,tiktok,True,True,False,563.29
C101315,Amara,Owens,2024-10-17,UK,organic,True,True,True,587.97
C101316,Marco,Xu,2026-06-03,CA,google,False,False,True,393.54
C101317,Omar,Quist,2025-10-18,US-TX,tiktok,False,False,False,208.08
C101318,Vera,Zhang,2026-05-20,US-NY,instagram,True,False,False,268.9
C101319,Uma,Novak,2026-01-15,US-CA,tiktok,True,False,True,354.57
C101320,Omar,Silva,2026-05-20,AU,instagram,True,False,True,428.82
C101321,Lila,Bauer,2025-06-24,AU,email-referral,True,False,False,75.89
C101322,Liam,Park,2025-07-08,US-FL,instagram,False,False,False,484.98
C101323,Uma,Chen,2025-10-13,US-TX,email-referral,True,True,True,316.64
C101324,Lucy,Kim,2025-08-13,US-WA,tiktok,True,True,False,175.94
C101325,Kai,Vance,2026-02-23,FR,email-referral,False,False,False,203.64
C101326,Marco,Tanaka,2026-05-27,CA,podcast,True,True,False,501.16
C101327,Rosa,Chen,2025-06-21,UK,tiktok,False,False,False,220.63
C101328,Gus,Jain,2025-04-25,FR,instagram,False,True,False,85.11
C101329,Omar,Ito,2025-03-14,US-WA,google,True,True,False,75.85
C101330,Zoe,Patel,2025-04-22,US-TX,email-referral,True,True,False,179.91
C101331,Theo,Khan,2025-01-24,DE,tiktok,True,False,False,239.29
C101332,Zane,Weber,2024-03-11,UK,tiktok,True,False,True,589.67
C101333,Ruby,Khan,2024-11-07,US-FL,email-referral,True,False,False,397.6
C101334,Finn,Diaz,2025-03-11,UK,podcast,True,False,False,182.26
C101335,Mara,Silva,2026-05-07,CA,podcast,True,False,False,58.84
C101336,Faye,Bauer,2025-05-06,US-IL,organic,True,True,False,214.45
C101337,Nina,Khan,2026-04-22,CA,email-referral,True,False,False,203.07
C101338,Pia,Vogel,2026-04-25,US-TX,email-referral,True,False,True,247.69
C101339,Milo,Rossi,2024-03-11,AU,organic,True,False,False,349.91
C101340,Nico,Moreau,2025-02-19,FR,organic,True,True,False,151.84
C101341,Lila,Xu,2024-06-11,AU,email-referral,True,True,False,250.46
C101342,Elsa,Rossi,2024-07-04,US-FL,tiktok,True,False,True,315.22
C101343,Diego,Rossi,2026-06-12,DE,email-referral,True,False,False,180.37
C101344,Amara,Tanaka,2024-12-15,DE,tiktok,True,False,True,455.53
C101345,Rosa,Torres,2025-01-01,FR,organic,False,True,False,448.07
C101346,Lucy,Ortiz,2025-09-04,US-TX,podcast,True,False,True,187.29
C101347,Noah,Ortiz,2025-01-12,FR,tiktok,False,False,True,326.46
C101348,Wes,Iqbal,2026-06-08,CA,podcast,True,False,False,739.16
C101349,Rina,Ferro,2026-02-05,US-NY,organic,True,False,True,315.44
C101350,Enzo,Patel,2025-08-26,US-WA,podcast,True,True,False,149.22
C101351,Yara,Mora,2025-09-18,US-TX,email-referral,False,True,True,294.71
C101352,Leo,Ahmed,2024-02-14,AU,email-referral,True,True,False,142.04
C101353,Yara,Gray,2026-04-05,US-IL,instagram,False,True,False,112.11
C101354,Vera,Tanaka,2025-09-21,US-FL,google,True,True,False,128.94
C101355,Elsa,Bauer,2024-08-21,DE,podcast,False,False,False,243.7
C101356,Sage,Novak,2025-07-08,UK,instagram,True,True,True,434.87
C101357,Rosa,Zhang,2024-07-30,US-FL,podcast,True,False,True,474.85
C101358,Tess,Hunt,2024-12-29,US-NY,tiktok,True,True,False,96.31
C101359,Mara,Gray,2024-03-31,US-FL,google,True,True,False,297.72
C101360,Beau,Bauer,2026-04-27,CA,tiktok,True,False,False,27.02
C101361,Uma,Reyes,2025-01-04,US-WA,podcast,True,True,False,124.52
C101362,Kai,Vogel,2024-04-07,US-NY,google,True,False,True,169.12
C101363,Rina,Ellis,2026-03-25,US-FL,organic,True,False,True,905.53
C101364,Nico,Ward,2025-12-01,US-NY,podcast,True,True,False,382.9
C101365,Sofia,Reyes,2024-12-28,DE,podcast,True,True,False,241.47
C101366,Vera,Costa,2025-09-20,CA,instagram,True,False,True,251.14
C101367,Eli,Ellis,2024-11-12,CA,tiktok,True,True,False,271.39
C101368,Kira,Ahmed,2026-01-20,US-WA,instagram,True,False,True,392.02
C101369,Uma,Tanaka,2025-03-03,US-IL,google,True,False,False,252.23
C101370,Eli,Gray,2025-01-23,AU,podcast,True,False,False,209.56
C101371,Nadia,Diaz,2024-02-13,US-NY,tiktok,True,True,True,282.03
C101372,Theo,Lund,2024-06-15,UK,organic,True,False,False,296.1
C101373,Noah,Ortiz,2024-07-07,US-NY,organic,True,True,True,375.02
C101374,Nina,Gray,2025-03-03,FR,instagram,True,True,False,195.59
C101375,Lila,Khan,2025-10-11,US-FL,tiktok,True,True,False,79.93
C101376,Yara,Iqbal,2025-11-01,US-TX,tiktok,True,False,False,456.69
C101377,Diego,Jain,2025-08-14,CA,google,True,False,False,253.24
C101378,Kai,Silva,2024-04-27,FR,organic,True,True,False,122.79
C101379,Mara,Costa,2025-03-08,US-CA,organic,True,False,True,385.64
C101380,Lena,Klein,2025-11-23,US-WA,instagram,True,True,False,240.02
C101381,Owen,Lopez,2026-05-19,DE,email-referral,True,False,False,67.91
C101382,Sofia,Klein,2025-11-27,US-FL,instagram,True,False,False,35.48
C101383,Pavel,Kim,2024-04-06,UK,email-referral,False,False,False,131.6
C101384,Noah,Bauer,2025-01-14,US-TX,tiktok,True,True,True,268.66
C101385,Drew,Lund,2024-06-10,CA,podcast,True,True,False,165.42
C101386,Faye,Haas,2024-04-23,US-IL,email-referral,True,True,False,93.4
C101387,Priya,Lund,2025-11-16,US-WA,podcast,True,False,False,324.42
C101388,Yara,Quist,2024-09-19,DE,podcast,True,True,False,215.93
C101389,Omar,Diaz,2025-10-19,US-TX,tiktok,True,False,True,182.85
C101390,Zane,Vogel,2024-09-15,US-FL,tiktok,True,True,False,349.86
C101391,Kira,Silva,2025-02-10,US-IL,podcast,True,False,False,148.95
C101392,Zoe,Berg,2024-04-08,CA,google,True,False,True,383.06
C101393,Cleo,Mora,2026-02-14,DE,organic,True,True,False,318.38
C101394,Gus,Lopez,2024-11-28,US-CA,instagram,True,False,False,336.39
C101395,Noah,Moreau,2025-06-27,AU,instagram,False,False,False,46.43
C101396,Sofia,Chen,2025-05-12,UK,email-referral,True,False,False,200.87
C101397,Eli,Chen,2024-10-30,US-TX,organic,True,False,True,379.04
C101398,Elsa,Iqbal,2026-03-13,US-IL,instagram,True,True,True,455.64
C101399,Sofia,Weber,2025-03-02,US-TX,podcast,True,False,False,109.39
C101400,Nina,Ferro,2026-02-20,US-NY,podcast,False,True,False,158.9
C101401,Isla,Young,2025-09-07,US-TX,podcast,True,True,False,139.24
C101402,Ken,Mora,2026-03-16,DE,google,True,True,False,193.36
C101403,Amara,Silva,2025-09-18,US-TX,podcast,False,True,False,52.18
C101404,Lucy,Zhang,2025-10-14,AU,instagram,True,False,False,74.45
C101405,Zoe,Young,2024-04-05,UK,organic,True,False,False,144.92
C101406,Uma,Park,2026-03-22,US-IL,organic,True,False,False,183.68
C101407,Max,Khan,2024-03-29,DE,tiktok,True,False,True,233.99
C101408,Beau,Yilmaz,2025-07-06,UK,tiktok,True,True,False,222.06
C101409,Quinn,Moreau,2025-11-23,UK,instagram,True,True,False,96.36
C101410,Jude,Ellis,2026-02-26,UK,email-referral,True,True,True,252.21
C101411,Marco,Gray,2025-11-11,US-IL,podcast,True,False,False,162.97
C101412,Leo,Hunt,2026-06-03,US-FL,organic,True,True,False,217.31
C101413,Rina,Nash,2026-02-25,US-NY,podcast,True,False,False,337.35
C101414,Isla,Silva,2025-08-20,FR,organic,True,True,True,388.56
C101415,Zane,Ueda,2024-08-22,US-WA,email-referral,False,False,False,304.34
C101416,Otis,Park,2024-05-10,US-WA,google,True,True,True,331.93
C101417,Mia,Kim,2025-07-31,FR,instagram,True,False,False,205.49
C101418,Ken,Nash,2024-05-26,UK,podcast,True,True,False,127.84
C101419,Mia,Kim,2024-09-14,US-FL,google,True,False,False,118.18
C101420,Finn,Xu,2024-11-20,US-IL,tiktok,True,False,False,387.42
C101421,Nadia,Mora,2026-03-01,FR,tiktok,True,True,False,69.35
C101422,Drew,Young,2026-04-02,US-CA,google,True,False,False,172.34
C101423,Jude,Vance,2025-12-17,US-NY,google,False,False,False,312.02
C101424,Drew,Mora,2026-03-03,AU,google,True,False,False,99.66
C101425,Elsa,Torres,2025-04-24,US-FL,instagram,True,False,False,211.53
C101426,Ava,Mora,2025-08-05,FR,podcast,True,False,False,293.62
C101427,Sage,Gray,2025-10-01,US-WA,podcast,True,True,False,243.09
C101428,Otis,Jain,2025-03-06,DE,organic,True,True,True,370.1
C101429,Remy,Khan,2024-12-27,US-FL,email-referral,True,True,False,377.2
C101430,Lena,Costa,2026-05-19,UK,google,False,False,False,406.13
C101431,Zane,Tanaka,2025-08-31,AU,podcast,True,False,False,304.97
C101432,Marco,Owens,2026-04-25,US-IL,podcast,False,False,True,520.4
C101433,Nina,Costa,2024-08-02,AU,instagram,True,True,False,141.79
C101434,Zoe,Ahmed,2024-09-28,US-TX,instagram,True,False,True,159.48
C101435,Nora,Mora,2024-03-30,US-IL,instagram,True,False,True,466.73
C101436,Rina,Owens,2024-05-08,US-NY,instagram,True,False,False,404.63
C101437,Noah,Jain,2026-05-18,UK,organic,True,True,True,460.17
C101438,Zane,Weber,2025-09-04,US-IL,organic,True,False,True,342.4
C101439,Uma,Ito,2025-05-29,US-CA,organic,True,True,False,64.25
C101440,Vera,Zola,2025-02-17,FR,email-referral,True,True,True,233.0
C101441,Sage,Patel,2026-02-26,US-FL,email-referral,True,False,False,84.54
C101442,Priya,Nash,2024-04-27,FR,google,True,False,True,340.23
C101443,Faye,Ortiz,2024-12-03,DE,podcast,True,False,True,863.62
C101444,Xena,Mora,2024-06-29,US-WA,instagram,True,True,False,84.56
C101445,Ken,Quist,2026-04-09,CA,podcast,True,False,False,350.71
C101446,Tara,Ito,2024-10-12,US-NY,google,False,False,False,782.13
C101447,Sage,Yilmaz,2025-08-30,US-NY,tiktok,True,False,True,428.8
C101448,Nina,Ueda,2025-12-04,FR,tiktok,False,False,True,371.58
C101449,Remy,Ahmed,2025-01-14,US-NY,podcast,True,False,False,172.56
C101450,Sage,Yilmaz,2024-07-13,FR,organic,False,False,False,299.32
C101451,Faye,Tanaka,2026-02-04,US-IL,tiktok,True,False,False,158.35
C101452,Yara,Torres,2025-08-05,AU,tiktok,True,False,True,196.95
C101453,Pia,Silva,2025-09-01,US-TX,organic,True,False,True,536.5
C101454,Xena,Quist,2024-03-14,US-TX,google,True,True,False,365.34
C101455,Leo,Diaz,2025-01-17,CA,email-referral,True,True,True,348.47
C101456,Diego,Gray,2025-05-11,CA,organic,True,True,False,53.36
C101457,Kira,Ward,2025-12-11,US-IL,email-referral,False,True,True,339.66
C101458,Otis,Zola,2024-03-21,US-WA,google,True,True,True,273.43
C101459,Pavel,Vogel,2024-07-12,CA,organic,True,False,False,42.29
C101460,Pavel,Kim,2025-10-10,US-IL,podcast,True,True,True,390.57
C101461,Vera,Costa,2024-07-21,FR,email-referral,True,True,False,438.79
C101462,Elsa,Diaz,2025-08-19,UK,google,True,True,True,388.11
C101463,Marco,Vogel,2024-04-27,FR,email-referral,True,True,False,185.63
C101464,Kira,Kim,2025-04-26,US-WA,tiktok,True,False,False,164.21
C101465,Mia,Lopez,2025-07-14,CA,tiktok,True,True,False,159.74
C101466,Kira,Hunt,2025-01-16,US-CA,organic,True,False,False,241.64
C101467,Owen,Gray,2025-06-06,US-FL,google,True,False,False,235.93
C101468,Otis,Iqbal,2026-03-28,US-IL,organic,True,True,False,32.62
C101469,Ken,Silva,2026-02-27,UK,google,True,True,False,84.14
C101470,Lucy,Owens,2026-03-03,US-NY,instagram,True,False,False,248.61
C101471,Zoe,Shah,2025-09-07,DE,email-referral,True,False,False,40.88
C101472,Yara,Zola,2025-02-10,US-NY,instagram,True,True,False,119.87
C101473,Rosa,Ueda,2025-05-14,FR,tiktok,True,True,False,330.61
C101474,Amara,Patel,2024-04-17,AU,instagram,True,True,False,230.08
C101475,Amara,Torres,2025-08-28,US-TX,podcast,False,True,False,292.82
C101476,Milo,Reyes,2025-04-15,US-NY,organic,True,False,False,260.32
C101477,Mia,Owens,2025-10-19,CA,podcast,True,True,False,228.22
C101478,Lucy,Young,2024-03-24,US-TX,instagram,True,False,False,23.63
C101479,Lena,Berg,2025-01-22,US-FL,google,True,True,False,34.41
C101480,Sofia,Young,2025-06-25,US-CA,google,True,False,False,293.33
C101481,Nina,Gray,2025-06-22,CA,google,True,False,False,162.39
C101482,Rosa,Vogel,2026-06-07,FR,tiktok,True,True,True,141.83
C101483,Theo,Park,2026-05-01,DE,email-referral,True,False,False,103.8
C101484,Owen,Ortiz,2026-02-04,FR,organic,True,False,True,354.88
C101485,Ivy,Ellis,2025-10-20,US-IL,organic,True,False,False,212.74
C101486,Jude,Lopez,2025-11-28,CA,tiktok,True,False,True,278.93
C101487,Faye,Torres,2024-11-20,DE,instagram,True,False,True,372.85
C101488,Tara,Zhang,2025-01-29,CA,google,True,False,False,522.96
C101489,Rosa,Haas,2024-03-06,US-CA,tiktok,True,True,False,192.49
C101490,Jude,Reyes,2024-06-27,US-WA,google,True,False,False,198.17
C101491,Lila,Kim,2025-05-04,UK,organic,True,False,True,701.01
C101492,Nico,Rossi,2025-12-13,AU,email-referral,True,True,False,229.09
C101493,Jack,Hunt,2024-12-24,DE,email-referral,True,True,True,325.09
C101494,Milo,Silva,2026-05-21,CA,organic,True,False,False,184.04
C101495,Vera,Ahmed,2025-07-15,DE,organic,False,True,False,237.41
C101496,Cleo,Berg,2025-03-07,US-WA,tiktok,True,True,False,81.08
C101497,Lila,Ward,2026-02-02,US-TX,instagram,True,False,True,330.18
C101498,Rosa,Lund,2026-04-12,US-FL,tiktok,False,True,False,517.63
C101499,Lucy,Silva,2026-02-20,UK,organic,True,True,False,248.33
C101500,Kai,Mora,2024-03-29,US-TX,google,True,True,False,119.4
C101501,Ruby,Ferro,2024-04-19,US-NY,email-referral,True,True,False,148.44
C101502,Mia,Lund,2025-09-02,US-WA,tiktok,True,True,False,346.65
C101503,Rosa,Khan,2024-12-15,US-TX,organic,False,False,False,82.12
C101504,Eli,Mora,2025-11-05,US-NY,podcast,True,False,False,220.41
C101505,Lucy,Reyes,2026-01-22,CA,google,True,True,False,52.87
C101506,Iris,Oduya,2026-05-21,US-IL,instagram,True,False,False,208.54
C101507,Ruby,Lopez,2026-03-31,FR,podcast,True,True,True,257.74
C101508,Sofia,Klein,2026-03-24,DE,podcast,True,False,False,107.89
C101509,Mia,Yilmaz,2025-08-01,US-NY,tiktok,True,False,False,152.74
C101510,Rina,Shah,2025-05-08,CA,organic,True,False,False,183.02
C101511,Otis,Ito,2026-04-25,FR,email-referral,True,False,True,449.91
C101512,Otis,Bauer,2025-04-07,UK,instagram,True,True,False,299.94
C101513,Lila,Owens,2026-03-26,FR,tiktok,True,True,True,178.63
C101514,Pia,Gray,2024-04-29,US-WA,email-referral,True,False,False,216.35
C101515,Beau,Hunt,2024-04-24,US-WA,email-referral,True,False,False,213.27
C101516,Amara,Lopez,2025-06-06,US-CA,podcast,True,False,True,567.4
C101517,Yara,Oduya,2025-06-13,US-CA,email-referral,True,False,False,74.78
C101518,Cleo,Owens,2025-05-23,US-CA,tiktok,True,False,False,683.18
C101519,Aria,Torres,2026-02-05,US-CA,tiktok,True,False,False,279.22
C101520,Vera,Reyes,2024-07-02,US-WA,organic,True,False,True,328.38
C101521,Pavel,Yilmaz,2024-09-30,UK,google,True,False,True,203.45
C101522,Max,Weber,2024-08-19,US-TX,instagram,False,False,True,279.09
C101523,Owen,Rossi,2025-06-28,US-NY,google,False,False,False,167.89
C101524,Lucy,Silva,2026-03-28,US-TX,instagram,True,True,False,45.82
C101525,Marco,Kim,2024-02-23,DE,tiktok,True,False,False,133.19
C101526,Drew,Costa,2024-12-19,FR,instagram,True,False,False,203.05
C101527,Drew,Park,2025-06-03,DE,email-referral,True,True,False,268.35
C101528,Lena,Gray,2024-02-27,US-IL,instagram,True,False,False,171.31
C101529,Theo,Ferro,2024-07-23,AU,instagram,True,True,True,311.22
C101530,Marco,Chen,2024-02-22,US-TX,email-referral,False,False,False,205.54
C101531,Sage,Gray,2024-10-02,UK,organic,False,True,False,226.67
C101532,Ruby,Young,2024-11-03,DE,google,True,True,False,700.33
C101533,Wes,Patel,2024-10-21,UK,podcast,True,True,False,338.75
C101534,Pavel,Lopez,2025-05-11,AU,google,True,True,True,630.08
C101535,Priya,Shah,2024-07-02,CA,organic,True,True,False,230.77
C101536,Theo,Torres,2025-05-25,FR,organic,True,True,True,264.1
C101537,Iris,Ward,2024-06-30,DE,tiktok,True,False,False,124.61
C101538,Wes,Lopez,2024-03-01,UK,email-referral,True,False,True,435.61
C101539,Ava,Iqbal,2024-06-06,CA,organic,True,True,True,155.61
C101540,Hana,Ueda,2024-06-29,US-NY,instagram,True,True,False,52.93
C101541,Eli,Reyes,2026-05-06,US-NY,podcast,False,False,True,164.31
C101542,Rina,Khan,2026-04-27,US-NY,organic,True,True,False,338.55
C101543,Rina,Zola,2026-04-13,US-NY,tiktok,True,False,False,78.56
C101544,Drew,Young,2024-03-04,UK,organic,False,True,False,346.03
C101545,Wes,Ueda,2024-09-22,DE,email-referral,True,False,False,225.67
C101546,Mara,Ito,2025-12-11,US-NY,google,True,False,True,414.91
C101547,Quinn,Yilmaz,2025-05-19,FR,podcast,True,True,False,37.18
C101548,Noah,Moreau,2024-10-09,US-WA,tiktok,False,False,False,297.38
C101549,Cleo,Park,2026-03-15,US-IL,tiktok,True,False,False,119.93
C101550,Zane,Ortiz,2024-07-12,DE,tiktok,True,False,False,169.41
C101551,Ruby,Diaz,2024-09-06,UK,tiktok,True,True,True,355.88
C101552,Leo,Diaz,2025-03-29,US-IL,organic,True,True,False,64.47
C101553,Nadia,Bauer,2026-04-03,US-WA,email-referral,True,True,True,482.01
C101554,Lucy,Walsh,2024-09-19,CA,email-referral,True,True,False,410.47
C101555,Sofia,Park,2024-05-16,US-CA,instagram,True,True,True,394.67
C101556,Noah,Shah,2025-04-23,DE,podcast,True,True,False,276.03
C101557,Lucy,Zhang,2026-02-01,US-CA,email-referral,True,True,True,328.51
C101558,Zoe,Ueda,2025-06-05,US-TX,google,True,False,False,461.12
C101559,Enzo,Jain,2026-05-20,US-WA,tiktok,False,True,True,361.38
C101560,Omar,Kim,2025-08-23,CA,google,True,False,True,149.09
C101561,Zoe,Gray,2024-06-03,US-TX,email-referral,True,False,False,81.68
C101562,Noah,Ueda,2025-08-30,US-CA,tiktok,True,False,False,240.52
C101563,Iris,Torres,2024-08-31,AU,podcast,True,False,True,155.53
C101564,Faye,Lopez,2025-12-30,CA,email-referral,True,False,True,261.56
C101565,Ava,Weber,2026-02-14,UK,instagram,False,False,True,439.9
C101566,Wes,Vance,2026-05-21,UK,organic,True,True,True,289.37
C101567,Tara,Nash,2024-12-18,DE,email-referral,True,True,False,99.08
C101568,Nora,Quist,2024-09-15,US-WA,podcast,False,False,True,535.8
C101569,Iris,Tanaka,2026-04-07,US-WA,google,True,True,False,45.11
C101570,Isla,Lund,2024-11-14,AU,instagram,True,False,True,414.76
C101571,Yara,Silva,2024-12-06,DE,tiktok,True,False,False,178.69
C101572,Vera,Berg,2025-03-02,DE,podcast,True,True,False,349.53
C101573,Pia,Quist,2025-01-04,CA,instagram,True,False,True,259.8
C101574,Iris,Iqbal,2024-07-27,US-WA,instagram,False,False,False,158.35
C101575,Pavel,Gray,2024-05-19,US-FL,organic,False,True,True,345.08
C101576,Lila,Moreau,2025-02-23,FR,podcast,True,False,False,112.95
C101577,Liam,Hunt,2025-05-09,AU,podcast,True,True,False,116.05
C101578,Tess,Patel,2026-01-02,US-NY,email-referral,True,True,True,375.18
C101579,Pavel,Quist,2025-06-26,US-FL,instagram,True,True,False,321.9
C101580,Nadia,Moreau,2024-04-02,DE,podcast,True,False,False,75.55
C101581,Remy,Walsh,2026-01-22,US-WA,tiktok,True,False,False,146.06
C101582,Nico,Moreau,2026-02-02,US-TX,tiktok,True,True,False,265.58
C101583,Nico,Yilmaz,2024-08-31,US-TX,podcast,True,True,True,287.87
C101584,Lila,Lopez,2025-11-26,US-FL,organic,True,False,False,264.23
C101585,Max,Lopez,2026-03-10,US-IL,google,True,False,True,313.39
C101586,Nina,Hunt,2024-12-22,UK,email-referral,True,True,False,251.8
C101587,Hana,Vogel,2025-11-18,US-WA,instagram,True,True,False,96.07
C101588,Mara,Chen,2024-03-14,US-FL,podcast,True,False,False,382.87
C101589,Mia,Costa,2025-08-01,US-TX,instagram,True,True,True,140.52
C101590,Amara,Quist,2025-02-12,AU,organic,True,False,True,120.69
C101591,Kai,Ferro,2026-01-25,CA,podcast,True,True,False,52.9
C101592,Beau,Tanaka,2025-06-20,US-WA,instagram,True,True,True,384.49
C101593,Ruby,Ward,2024-04-25,UK,google,True,True,True,367.73
C101594,Enzo,Lund,2026-01-19,US-FL,email-referral,True,False,True,263.21
C101595,Finn,Owens,2024-06-09,AU,instagram,True,False,True,287.74
C101596,Zane,Klein,2024-08-29,CA,podcast,True,True,False,563.81
C101597,Kai,Chen,2026-06-01,UK,organic,True,False,True,303.5
C101598,Uma,Ueda,2025-01-25,US-CA,google,True,False,True,329.65
C101599,Nico,Vance,2025-03-07,US-NY,google,True,False,True,493.77
C101600,Tara,Zola,2025-10-20,US-CA,podcast,False,True,True,325.05
C101601,Remy,Silva,2026-05-08,UK,podcast,True,False,False,197.35
C101602,Ken,Novak,2025-05-01,FR,podcast,True,False,False,210.29
C101603,Yara,Patel,2024-12-10,FR,email-referral,True,False,False,110.18
C101604,Nadia,Oduya,2026-04-26,DE,organic,True,False,False,44.13
C101605,Drew,Moreau,2025-04-01,UK,email-referral,True,False,False,346.65
C101606,Quinn,Ferro,2026-03-03,US-NY,google,True,False,True,229.15
C101607,Zane,Oduya,2025-03-09,US-TX,email-referral,True,False,True,382.43
C101608,Pia,Vogel,2024-05-14,US-WA,tiktok,True,False,False,268.17
C101609,Lucy,Costa,2025-02-21,AU,organic,False,True,True,678.79
C101610,Yara,Ortiz,2024-10-30,US-FL,google,True,True,True,78.57
C101611,Jack,Patel,2025-01-05,US-TX,instagram,True,True,True,367.79
C101612,Drew,Novak,2025-07-21,FR,email-referral,True,False,False,379.86
C101613,Pia,Diaz,2025-10-11,US-FL,google,True,True,False,100.91
C101614,Wes,Ahmed,2026-03-20,FR,organic,True,True,False,63.78
C101615,Zane,Lund,2025-05-02,US-CA,organic,True,True,True,572.34
C101616,Jude,Ellis,2025-04-07,US-CA,google,False,False,True,471.39
C101617,Iris,Ito,2025-06-30,US-IL,organic,True,False,False,111.21
C101618,Cleo,Novak,2024-10-07,US-FL,google,True,True,True,150.63
C101619,Isla,Khan,2026-03-04,DE,tiktok,True,False,False,233.84
C101620,Xena,Shah,2024-07-27,DE,tiktok,True,True,False,421.24
C101621,Yara,Oduya,2025-10-11,CA,organic,True,False,False,239.47
C101622,Omar,Jain,2026-04-20,AU,google,True,True,True,413.35
C101623,Faye,Ortiz,2026-04-07,US-TX,tiktok,True,False,False,374.84
C101624,Quinn,Berg,2026-02-04,UK,instagram,True,False,False,378.51
C101625,Rina,Reyes,2024-10-15,US-WA,tiktok,True,True,True,311.36
C101626,Marco,Yilmaz,2024-03-28,US-IL,podcast,True,False,False,53.59
C101627,Rina,Shah,2025-06-22,FR,tiktok,True,False,True,267.16
C101628,Zane,Novak,2024-11-02,US-NY,instagram,True,True,False,109.14
C101629,Mia,Hunt,2026-04-24,DE,instagram,True,False,False,252.05
C101630,Diego,Zola,2024-04-06,US-CA,email-referral,True,False,True,427.2
C101631,Mia,Nash,2025-07-23,UK,podcast,True,False,False,244.51
C101632,Hana,Rossi,2026-02-08,CA,tiktok,True,False,True,519.92
C101633,Tara,Lund,2024-12-14,US-WA,organic,True,False,False,297.07
C101634,Xena,Bauer,2026-04-10,US-FL,email-referral,True,True,False,279.07
C101635,Faye,Hunt,2026-04-06,FR,instagram,True,True,False,49.67
C101636,Max,Ward,2024-10-26,UK,organic,True,False,False,307.32
C101637,Lena,Ueda,2025-10-13,AU,email-referral,True,False,False,337.25
C101638,Pavel,Chen,2025-05-02,UK,podcast,True,True,False,57.27
C101639,Vera,Lund,2025-07-10,US-IL,instagram,True,False,False,49.47
C101640,Enzo,Patel,2024-03-08,US-WA,podcast,True,False,False,483.46
C101641,Lila,Ueda,2024-10-30,AU,tiktok,True,True,True,224.87
C101642,Sofia,Ahmed,2026-01-11,UK,organic,True,False,True,380.38
C101643,Priya,Silva,2026-01-03,US-NY,organic,True,False,False,62.37
C101644,Sofia,Weber,2024-12-18,UK,google,False,False,False,201.76
C101645,Faye,Khan,2024-07-16,DE,organic,True,False,False,226.97
C101646,Drew,Lopez,2026-05-27,US-WA,podcast,True,True,False,53.58
C101647,Rosa,Ortiz,2024-06-04,DE,tiktok,False,False,True,268.47
C101648,Milo,Rossi,2026-02-19,US-FL,google,True,False,False,322.68
C101649,Sage,Torres,2024-02-26,CA,email-referral,True,True,False,242.63
C101650,Kai,Patel,2025-08-23,FR,organic,True,True,False,163.96
C101651,Quinn,Oduya,2025-04-06,DE,email-referral,True,True,False,307.68
C101652,Leo,Patel,2024-07-20,FR,email-referral,True,True,True,266.81
C101653,Pia,Novak,2024-07-29,DE,instagram,True,False,False,302.93
C101654,Jack,Kim,2026-03-27,US-NY,tiktok,True,True,False,275.21
C101655,Leo,Reyes,2025-01-19,US-WA,email-referral,True,False,True,161.39
C101656,Ken,Rossi,2025-04-28,AU,instagram,True,False,False,268.13
C101657,Milo,Ahmed,2025-08-06,US-TX,organic,True,True,False,22.87
C101658,Nadia,Lund,2024-03-04,AU,podcast,True,False,False,140.76
C101659,Jack,Novak,2025-10-25,US-CA,email-referral,True,False,False,153.87
C101660,Liam,Ferro,2024-08-14,US-FL,google,True,False,False,407.7
C101661,Xena,Ellis,2024-07-26,US-TX,email-referral,True,False,True,336.48
C101662,Pia,Hunt,2025-10-14,US-FL,organic,True,False,False,166.92
C101663,Liam,Nash,2025-01-05,US-WA,podcast,True,False,False,270.14
C101664,Pia,Torres,2025-02-22,AU,podcast,True,True,True,498.31
C101665,Nico,Quist,2026-04-14,US-FL,tiktok,True,False,True,257.68
C101666,Max,Costa,2025-05-23,US-FL,tiktok,True,False,True,492.05
C101667,Remy,Ahmed,2024-09-03,US-WA,tiktok,False,True,True,246.66
C101668,Tess,Owens,2024-09-06,FR,instagram,True,True,True,295.57
C101669,Quinn,Bauer,2025-11-07,UK,organic,True,True,False,276.99
C101670,Quinn,Yilmaz,2024-05-11,CA,podcast,True,True,False,360.46
C101671,Drew,Ahmed,2024-12-24,US-TX,email-referral,True,False,True,341.43
C101672,Amara,Zhang,2025-03-22,US-WA,email-referral,False,True,True,398.95
C101673,Ruby,Ward,2025-02-28,US-TX,instagram,True,False,True,358.82
C101674,Zoe,Ahmed,2024-02-18,CA,google,True,False,False,181.39
C101675,Aria,Ito,2026-05-12,US-FL,tiktok,True,True,True,203.54
C101676,Noah,Rossi,2025-10-12,AU,tiktok,True,False,False,665.38
C101677,Rosa,Tanaka,2026-06-06,US-CA,organic,True,True,True,385.27
C101678,Lucy,Ueda,2025-06-11,US-CA,tiktok,True,True,False,109.44
C101679,Owen,Quist,2024-08-04,UK,podcast,True,False,False,136.65
C101680,Wes,Torres,2024-10-14,FR,email-referral,True,False,True,356.52
C101681,Amara,Oduya,2025-12-25,US-NY,organic,False,True,False,97.45
C101682,Drew,Kim,2025-06-10,FR,podcast,True,True,False,255.88
C101683,Eli,Gray,2025-01-22,US-TX,tiktok,True,True,True,341.91
C101684,Priya,Ward,2024-08-24,US-WA,email-referral,True,True,True,181.28
C101685,Kai,Park,2025-01-24,US-IL,podcast,False,False,True,303.97
C101686,Drew,Patel,2024-03-29,UK,tiktok,True,False,False,40.15
C101687,Otis,Lund,2024-06-06,US-TX,email-referral,True,False,True,286.62
C101688,Uma,Xu,2025-06-17,DE,tiktok,False,False,False,181.45
C101689,Nina,Vance,2025-03-19,CA,podcast,True,False,False,275.66
C101690,Pavel,Tanaka,2025-07-08,US-FL,email-referral,True,True,True,173.02
C101691,Max,Yilmaz,2025-02-22,US-IL,instagram,True,False,False,170.05
C101692,Eli,Owens,2026-05-31,AU,instagram,True,False,False,143.51
C101693,Ruby,Ward,2024-10-02,US-CA,tiktok,True,True,False,244.22
C101694,Enzo,Quist,2025-11-30,US-FL,podcast,True,True,False,374.01
C101695,Nora,Ellis,2025-01-11,US-FL,organic,True,True,False,243.83
C101696,Isla,Ortiz,2026-03-05,US-TX,instagram,True,False,True,321.72
C101697,Pia,Ferro,2026-04-08,US-IL,google,True,True,True,274.4
C101698,Amara,Reyes,2026-05-21,UK,instagram,False,True,True,213.41
C101699,Gus,Hunt,2024-12-20,CA,instagram,True,False,True,106.65
C101700,Enzo,Iqbal,2025-02-27,US-NY,organic,True,False,False,36.8
C101701,Mara,Rossi,2025-10-12,US-NY,email-referral,True,True,False,23.39
C101702,Mia,Patel,2024-07-09,US-FL,tiktok,True,True,True,371.23
C101703,Jack,Iqbal,2024-04-21,US-IL,instagram,True,False,True,204.62
C101704,Leo,Ahmed,2025-09-05,DE,podcast,True,False,True,85.25
C101705,Vera,Ward,2025-08-21,DE,podcast,True,False,False,90.78
C101706,Nora,Quist,2024-05-16,US-CA,instagram,True,False,True,553.48
C101707,Zane,Diaz,2024-06-25,US-NY,instagram,True,False,False,119.6
C101708,Nadia,Vogel,2024-03-02,AU,email-referral,True,False,False,166.59
C101709,Marco,Costa,2026-01-09,FR,organic,True,False,True,368.95
C101710,Leo,Vogel,2024-07-20,US-NY,organic,True,True,False,128.99
C101711,Nora,Ahmed,2025-05-30,AU,google,False,True,False,284.93
C101712,Max,Ueda,2025-01-09,US-IL,email-referral,True,False,True,454.6
C101713,Elsa,Hunt,2025-04-30,US-IL,organic,True,True,False,32.12
C101714,Omar,Quist,2025-09-15,US-FL,google,False,True,True,279.97
C101715,Isla,Patel,2024-08-06,US-NY,google,True,False,False,433.99
C101716,Uma,Ortiz,2025-05-17,US-IL,organic,True,True,True,376.25
C101717,Gus,Berg,2026-02-12,DE,instagram,True,True,True,387.53
C101718,Sage,Ward,2024-09-15,US-WA,google,True,False,False,171.81
C101719,Isla,Park,2024-05-30,FR,organic,True,True,False,169.58
C101720,Max,Yilmaz,2024-10-25,US-FL,instagram,True,False,True,294.35
C101721,Eli,Lopez,2026-01-07,FR,instagram,True,True,False,431.19
C101722,Jack,Ortiz,2026-04-25,UK,instagram,True,True,False,38.68
C101723,Zane,Walsh,2026-01-17,US-WA,organic,True,True,False,215.56
C101724,Owen,Tanaka,2025-10-12,AU,email-referral,True,False,False,73.17
C101725,Mia,Owens,2024-06-28,US-NY,tiktok,True,False,True,311.58
C101726,Pia,Walsh,2025-11-08,UK,email-referral,True,True,True,418.1
C101727,Milo,Lopez,2024-06-14,FR,tiktok,True,False,True,168.46
C101728,Xena,Vogel,2025-12-25,FR,google,True,False,True,180.77
C101729,Tess,Rossi,2024-08-12,FR,google,True,False,False,76.88
C101730,Max,Novak,2024-10-27,US-CA,podcast,False,False,False,131.21
C101731,Quinn,Weber,2024-12-07,US-CA,instagram,True,True,False,211.54
C101732,Finn,Ahmed,2024-11-07,DE,google,True,True,False,285.72
C101733,Kai,Moreau,2025-09-15,US-IL,google,True,False,False,339.56
C101734,Zane,Walsh,2024-07-17,CA,organic,True,False,False,38.36
C101735,Cleo,Lund,2024-07-17,US-CA,organic,True,False,True,292.61
C101736,Xena,Rossi,2026-02-08,CA,google,True,False,False,153.44
C101737,Ava,Patel,2024-10-02,US-FL,instagram,True,True,False,125.29
C101738,Ava,Oduya,2025-10-03,US-FL,podcast,True,True,False,356.29
C101739,Enzo,Haas,2024-06-10,AU,organic,True,False,False,44.08
C101740,Amara,Zola,2025-06-04,US-WA,email-referral,True,False,False,321.95
C101741,Hana,Xu,2025-11-04,FR,instagram,True,False,False,92.11
C101742,Kira,Ward,2026-02-26,FR,google,True,False,True,397.33
C101743,Ken,Ward,2024-03-22,CA,podcast,False,True,False,592.16
C101744,Marco,Ferro,2024-09-27,US-WA,organic,False,False,False,384.34
C101745,Remy,Quist,2024-05-14,US-TX,tiktok,False,False,False,284.43
C101746,Noah,Xu,2024-09-29,AU,tiktok,True,False,True,302.1
C101747,Amara,Diaz,2025-12-26,US-TX,tiktok,True,False,True,401.54
C101748,Nora,Khan,2024-07-28,US-FL,podcast,True,False,True,254.79
C101749,Mia,Quist,2025-10-22,CA,organic,True,False,True,179.99
C101750,Zoe,Hunt,2026-01-06,FR,instagram,True,False,False,234.27
C101751,Nico,Lund,2024-05-23,US-TX,organic,True,True,True,188.89
C101752,Mara,Walsh,2025-08-12,FR,email-referral,True,True,False,259.78
C101753,Sage,Ferro,2024-11-27,US-TX,google,True,False,False,272.37
C101754,Rina,Ferro,2025-07-23,US-NY,podcast,False,False,True,300.24
C101755,Ivy,Berg,2024-04-04,US-FL,podcast,True,False,False,453.87
C101756,Noah,Berg,2025-09-28,DE,email-referral,False,False,True,402.76
C101757,Lucy,Ellis,2026-03-22,AU,podcast,True,False,False,185.48
C101758,Xena,Kim,2024-11-08,US-IL,instagram,True,True,False,162.18
C101759,Omar,Tanaka,2025-06-17,FR,email-referral,True,False,False,49.46
C101760,Ken,Walsh,2025-06-06,US-WA,email-referral,True,True,False,22.52
C101761,Amara,Kim,2025-03-13,US-NY,podcast,True,False,False,39.69
C101762,Nina,Hunt,2024-09-19,US-TX,google,False,False,True,266.41
C101763,Isla,Ward,2025-08-17,US-FL,instagram,True,False,False,255.07
C101764,Rosa,Lund,2025-10-14,CA,podcast,False,False,True,272.38
C101765,Remy,Patel,2024-04-09,FR,podcast,True,False,False,241.13
C101766,Beau,Iqbal,2025-07-14,US-NY,instagram,True,False,False,107.84
C101767,Nina,Yilmaz,2024-12-12,DE,google,False,False,False,247.03
C101768,Max,Shah,2024-03-24,US-IL,tiktok,True,False,False,292.49
C101769,Otis,Novak,2025-08-06,US-WA,tiktok,True,True,False,71.74
C101770,Owen,Reyes,2026-01-19,CA,email-referral,True,True,True,412.1
C101771,Elsa,Yilmaz,2026-04-10,DE,organic,True,True,False,72.72
C101772,Uma,Zhang,2024-05-04,US-IL,tiktok,True,True,False,475.86
C101773,Mara,Patel,2024-08-25,US-FL,organic,False,True,False,121.85
C101774,Sage,Ito,2025-03-25,CA,tiktok,True,False,False,239.81
C101775,Cleo,Mora,2025-07-27,CA,podcast,True,True,False,402.64
C101776,Lucy,Rossi,2024-12-16,FR,email-referral,True,False,False,127.03
C101777,Jack,Young,2024-08-28,AU,organic,False,False,True,124.77
C101778,Otis,Ahmed,2024-04-28,US-IL,instagram,True,True,True,467.64
C101779,Eli,Quist,2026-01-18,AU,tiktok,False,True,True,252.84
C101780,Pia,Kim,2026-05-23,US-WA,tiktok,True,False,False,199.16
C101781,Yara,Ueda,2025-05-03,DE,email-referral,True,False,True,482.54
C101782,Zoe,Patel,2024-08-13,UK,email-referral,True,False,True,464.28
C101783,Drew,Ward,2024-10-23,AU,email-referral,True,True,False,179.07
C101784,Pia,Silva,2025-01-21,US-NY,google,True,True,False,21.4
C101785,Elsa,Rossi,2024-09-02,US-FL,email-referral,True,False,False,90.14
C101786,Max,Moreau,2025-04-09,US-CA,tiktok,True,False,False,174.5
C101787,Pia,Nash,2026-02-06,US-CA,instagram,True,False,True,327.24
C101788,Beau,Patel,2026-01-17,US-IL,tiktok,False,False,False,387.17
C101789,Pia,Torres,2025-08-12,US-NY,podcast,True,True,False,157.46
C101790,Kira,Ahmed,2024-04-23,US-FL,google,True,False,False,404.22
C101791,Vera,Khan,2025-09-23,UK,organic,True,True,False,116.54
C101792,Nico,Tanaka,2025-11-04,US-TX,instagram,True,True,True,151.11
C101793,Cleo,Ahmed,2026-02-05,US-FL,instagram,True,True,True,335.24
C101794,Mara,Diaz,2025-09-18,UK,podcast,False,False,True,324.01
C101795,Sage,Diaz,2024-05-20,FR,tiktok,True,False,False,407.35
C101796,Iris,Shah,2025-09-29,US-TX,organic,True,True,False,124.16
C101797,Cleo,Quist,2025-12-19,US-FL,instagram,True,False,False,289.89
C101798,Kai,Iqbal,2025-09-20,UK,google,True,False,False,292.09
C101799,Kai,Shah,2025-07-25,US-CA,organic,True,False,False,330.44
C101800,Iris,Diaz,2026-02-17,DE,organic,True,False,True,281.35
C101801,Isla,Torres,2024-07-10,US-TX,organic,True,True,False,96.25
C101802,Finn,Klein,2024-12-23,US-IL,podcast,True,True,True,279.21
C101803,Ava,Patel,2025-08-08,AU,podcast,False,False,False,344.42
C101804,Beau,Ellis,2024-02-15,UK,podcast,True,True,False,161.24
C101805,Nora,Ito,2025-04-03,US-CA,google,True,True,False,372.13
C101806,Isla,Zhang,2025-12-26,FR,organic,True,False,False,123.4
C101807,Omar,Khan,2025-07-19,US-TX,email-referral,True,False,True,536.01
C101808,Pavel,Yilmaz,2024-10-05,CA,google,True,True,True,169.38
C101809,Nico,Kim,2024-03-17,US-CA,podcast,True,False,False,320.7
C101810,Ava,Nash,2025-11-16,DE,organic,True,True,True,244.22
C101811,Vera,Young,2026-04-28,US-WA,email-referral,True,False,False,125.24
C101812,Ivy,Weber,2024-09-01,US-NY,podcast,False,False,True,225.53
C101813,Quinn,Young,2024-04-01,UK,google,True,False,True,188.17
C101814,Theo,Ellis,2025-09-30,CA,google,True,True,False,174.23
C101815,Diego,Haas,2025-07-30,US-NY,tiktok,True,True,True,214.59
C101816,Nina,Gray,2024-06-04,US-NY,email-referral,False,True,False,42.71
C101817,Gus,Vance,2024-12-04,US-FL,instagram,True,False,False,166.04
C101818,Leo,Ortiz,2026-02-13,FR,google,False,False,False,305.87
C101819,Quinn,Young,2024-06-04,US-IL,instagram,True,False,False,209.58
C101820,Tara,Kim,2024-07-01,CA,email-referral,True,False,False,56.79
C101821,Sofia,Zhang,2025-10-27,CA,instagram,True,False,False,211.65
C101822,Amara,Young,2025-07-14,DE,organic,True,False,False,274.31
C101823,Ruby,Berg,2025-10-18,US-WA,tiktok,True,False,False,151.74
C101824,Lila,Jain,2024-04-26,US-IL,podcast,False,False,False,125.32
C101825,Wes,Weber,2025-09-13,US-TX,podcast,True,True,True,289.54
C101826,Noah,Walsh,2025-01-26,CA,organic,True,False,False,105.88
C101827,Sage,Oduya,2025-06-11,CA,organic,True,True,False,230.48
C101828,Finn,Diaz,2026-01-22,US-WA,email-referral,True,False,True,358.01
C101829,Nadia,Zola,2025-11-10,US-NY,email-referral,True,True,True,297.23
C101830,Rosa,Patel,2026-02-14,US-TX,tiktok,True,True,False,340.68
C101831,Mara,Vogel,2024-03-14,US-FL,instagram,False,False,False,288.16
C101832,Mara,Moreau,2025-02-12,DE,tiktok,True,False,False,416.1
C101833,Mia,Jain,2024-07-10,CA,tiktok,True,False,False,44.21
C101834,Kai,Lund,2025-10-17,FR,organic,True,False,True,363.13
C101835,Marco,Diaz,2026-04-28,CA,tiktok,True,False,False,309.07
C101836,Kira,Tanaka,2025-05-08,US-WA,organic,True,False,False,219.79
C101837,Tess,Shah,2025-01-09,CA,podcast,True,False,False,302.0
C101838,Marco,Mora,2025-12-10,FR,email-referral,True,False,True,213.15
C101839,Leo,Hunt,2025-12-19,DE,instagram,True,False,False,194.01
C101840,Ruby,Moreau,2024-09-13,FR,instagram,True,False,False,218.38
C101841,Mara,Ferro,2024-12-12,US-CA,google,False,False,False,234.94
C101842,Quinn,Chen,2025-12-05,CA,podcast,True,True,False,104.57
C101843,Finn,Torres,2026-03-21,DE,instagram,True,True,False,74.52
C101844,Owen,Costa,2026-02-22,DE,podcast,True,True,False,274.49
C101845,Sofia,Moreau,2024-09-15,US-FL,instagram,True,False,False,280.72
C101846,Faye,Weber,2025-08-05,UK,organic,True,False,False,209.12
C101847,Nico,Hunt,2025-07-27,US-IL,podcast,True,False,False,235.72
C101848,Quinn,Oduya,2024-11-17,US-IL,email-referral,True,False,False,232.02
C101849,Rosa,Vance,2025-03-23,US-TX,organic,True,False,True,319.74
C101850,Mia,Zhang,2026-02-14,US-CA,tiktok,True,True,True,460.78
C101851,Owen,Moreau,2025-09-22,UK,instagram,True,True,False,138.62
C101852,Beau,Oduya,2024-11-17,UK,instagram,False,True,False,242.98
C101853,Mara,Quist,2025-11-10,FR,podcast,True,False,False,169.18
C101854,Lena,Ito,2024-09-28,US-TX,instagram,True,False,True,458.69
C101855,Zane,Ahmed,2025-02-26,US-NY,google,True,False,True,317.72
C101856,Drew,Young,2025-06-08,FR,tiktok,True,True,True,498.48
C101857,Eli,Hunt,2026-01-11,US-IL,podcast,True,False,True,198.08
C101858,Noah,Hunt,2025-03-19,UK,organic,True,False,True,57.29
C101859,Mara,Walsh,2025-06-23,FR,google,True,False,True,216.12
C101860,Drew,Owens,2024-05-05,UK,google,True,False,False,484.77
C101861,Ruby,Tanaka,2024-11-21,US-WA,email-referral,True,True,False,151.07
C101862,Lila,Ito,2025-08-11,US-IL,organic,True,True,True,111.29
C101863,Remy,Reyes,2026-02-18,US-WA,email-referral,True,True,True,463.98
C101864,Max,Weber,2026-02-01,AU,google,True,False,False,200.16
C101865,Nadia,Ward,2026-02-09,US-NY,instagram,False,True,True,512.52
C101866,Lena,Iqbal,2025-05-03,US-WA,organic,True,False,False,203.17
C101867,Zane,Patel,2025-12-05,US-CA,podcast,True,False,False,61.98
C101868,Tara,Patel,2025-08-30,CA,organic,True,True,False,424.66
C101869,Mara,Hunt,2024-10-19,AU,organic,True,False,False,389.64
C101870,Drew,Mora,2025-05-30,AU,organic,True,False,False,188.89
C101871,Nora,Moreau,2025-02-10,US-FL,organic,True,False,True,130.07
C101872,Eli,Xu,2024-03-01,DE,email-referral,False,False,False,50.33
C101873,Omar,Kim,2024-03-27,US-IL,tiktok,True,False,True,147.2
C101874,Ruby,Khan,2026-01-19,US-IL,google,True,False,False,147.84
C101875,Ivy,Silva,2025-12-25,AU,google,True,False,False,231.57
C101876,Wes,Rossi,2026-06-02,US-NY,organic,True,True,False,101.17
C101877,Lucy,Zhang,2024-10-17,AU,instagram,True,False,False,51.63
C101878,Milo,Zola,2025-06-15,US-TX,podcast,True,False,False,155.41
C101879,Marco,Oduya,2025-04-04,US-WA,organic,False,True,True,147.0
C101880,Ava,Shah,2024-03-25,US-NY,google,False,True,False,209.3
C101881,Isla,Yilmaz,2026-01-01,FR,google,True,False,False,171.29
C101882,Lucy,Chen,2024-12-11,US-FL,google,True,False,False,188.8
C101883,Aria,Reyes,2024-03-02,US-WA,google,True,True,False,312.17
C101884,Ruby,Ahmed,2025-09-14,US-IL,organic,True,False,True,382.77
C101885,Pavel,Ito,2026-01-26,DE,podcast,True,False,True,726.3
C101886,Milo,Zhang,2024-05-24,CA,email-referral,True,False,False,364.74
C101887,Nico,Tanaka,2024-11-04,AU,instagram,True,False,True,222.82
C101888,Ruby,Zhang,2025-09-05,FR,podcast,True,False,True,422.39
C101889,Amara,Klein,2025-02-25,US-IL,tiktok,True,False,False,171.27
C101890,Faye,Shah,2024-04-22,CA,podcast,True,True,True,298.73
C101891,Jack,Tanaka,2025-12-22,US-NY,tiktok,True,True,True,445.8
C101892,Owen,Quist,2024-02-14,AU,podcast,True,True,False,208.46
C101893,Rina,Bauer,2024-04-05,US-FL,google,True,False,True,648.39
C101894,Nora,Rossi,2024-11-01,FR,tiktok,True,True,False,211.32
C101895,Finn,Zola,2024-12-30,AU,podcast,True,False,False,276.83
C101896,Lucy,Ueda,2025-10-15,US-NY,podcast,False,False,False,313.05
C101897,Aria,Nash,2024-07-20,DE,google,True,False,False,191.7
C101898,Lila,Chen,2025-01-01,FR,instagram,False,False,True,345.97
C101899,Isla,Owens,2025-06-26,FR,organic,True,False,False,119.08
C101900,Amara,Weber,2024-08-10,AU,instagram,True,False,False,220.89
C101901,Otis,Oduya,2026-05-16,DE,podcast,True,False,False,183.65
C101902,Vera,Xu,2024-05-15,US-CA,instagram,True,False,False,392.67
C101903,Aria,Lund,2025-09-27,US-TX,tiktok,True,False,False,141.39
C101904,Nina,Ueda,2026-04-10,US-NY,organic,True,False,True,197.04
C101905,Remy,Rossi,2025-01-15,US-TX,tiktok,True,False,False,379.42
C101906,Hana,Bauer,2025-03-10,DE,tiktok,True,True,False,106.89
C101907,Gus,Jain,2026-02-25,UK,podcast,True,False,False,297.97
C101908,Diego,Vance,2024-09-18,US-FL,organic,True,False,False,124.26
C101909,Ava,Khan,2024-02-29,FR,organic,True,False,False,257.94
C101910,Otis,Ferro,2024-03-04,UK,email-referral,False,True,True,584.29
C101911,Nico,Chen,2025-03-25,US-FL,instagram,True,False,False,172.84
C101912,Eli,Zola,2025-05-25,US-WA,instagram,True,False,True,403.12
C101913,Remy,Ueda,2025-03-27,US-IL,google,True,False,False,57.05
C101914,Ava,Diaz,2024-10-23,CA,podcast,True,False,True,176.63
C101915,Zane,Silva,2024-07-02,FR,instagram,True,True,False,327.81
C101916,Pavel,Moreau,2025-01-05,DE,email-referral,True,False,True,256.58
C101917,Max,Zhang,2025-02-02,CA,tiktok,True,False,False,253.87
C101918,Nadia,Vance,2026-05-04,DE,organic,True,True,False,223.33
C101919,Marco,Costa,2026-05-03,DE,email-referral,True,False,False,275.44
C101920,Lila,Zhang,2024-03-26,US-FL,email-referral,True,True,True,507.71
C101921,Lila,Klein,2025-02-13,US-WA,email-referral,True,False,False,20.53
C101922,Xena,Walsh,2024-03-26,US-IL,tiktok,True,False,False,22.27
C101923,Marco,Ahmed,2026-02-02,DE,google,True,True,True,264.27
C101924,Liam,Vance,2025-03-30,AU,instagram,False,False,False,527.01
C101925,Faye,Iqbal,2024-03-07,UK,tiktok,True,False,False,206.94
C101926,Noah,Patel,2025-04-18,DE,tiktok,False,False,False,29.8
C101927,Max,Khan,2024-10-12,US-TX,tiktok,True,False,True,878.38
C101928,Rosa,Lund,2024-02-24,UK,tiktok,True,False,False,432.66
C101929,Diego,Patel,2024-11-08,CA,instagram,True,True,True,348.0
C101930,Tess,Moreau,2025-01-08,US-WA,email-referral,True,False,False,649.34
C101931,Owen,Quist,2024-08-09,US-TX,podcast,True,False,False,139.69
C101932,Rina,Owens,2024-09-11,FR,google,True,False,True,279.26
C101933,Finn,Young,2025-11-15,US-NY,google,False,True,False,183.05
C101934,Noah,Vogel,2024-12-13,US-TX,google,True,False,False,635.41
C101935,Isla,Silva,2025-08-06,US-TX,organic,True,False,False,261.06
C101936,Nadia,Quist,2026-03-23,US-IL,tiktok,True,True,False,486.35
C101937,Ken,Vance,2025-12-07,US-TX,email-referral,True,False,True,58.23
C101938,Tara,Nash,2026-02-10,US-NY,email-referral,True,True,False,217.19
C101939,Elsa,Haas,2025-10-28,US-TX,podcast,False,False,True,339.5
C101940,Sofia,Yilmaz,2025-07-28,DE,instagram,True,False,True,446.82
C101941,Cleo,Quist,2025-06-04,UK,organic,False,False,False,274.48
C101942,Elsa,Patel,2025-03-08,FR,email-referral,True,False,False,124.47
C101943,Ava,Bauer,2025-04-13,US-FL,instagram,True,False,False,26.45
C101944,Kira,Ward,2025-02-20,DE,podcast,True,False,False,78.67
C101945,Ava,Xu,2024-03-25,US-FL,google,False,True,False,240.77
C101946,Diego,Park,2025-10-19,DE,tiktok,True,False,False,254.26
C101947,Uma,Kim,2026-01-13,US-WA,tiktok,True,False,True,313.58
C101948,Iris,Moreau,2025-12-20,US-CA,instagram,True,True,False,188.83
C101949,Ken,Ueda,2025-08-24,FR,tiktok,True,True,False,308.13
C101950,Zoe,Kim,2024-02-16,US-CA,podcast,False,False,False,317.73
C101951,Kira,Nash,2024-12-14,FR,podcast,True,False,False,142.88
C101952,Jack,Ward,2025-02-06,DE,google,True,False,False,352.96
C101953,Leo,Nash,2025-03-17,CA,organic,False,True,False,556.31
C101954,Ivy,Lopez,2025-07-24,US-CA,tiktok,True,False,False,128.67
C101955,Aria,Bauer,2024-10-05,US-FL,tiktok,True,False,True,209.11
C101956,Amara,Ellis,2024-03-26,FR,podcast,True,True,False,168.36
C101957,Amara,Gray,2026-05-23,US-NY,organic,True,False,True,615.5
C101958,Elsa,Ito,2024-04-20,AU,google,False,False,True,206.86
C101959,Rina,Quist,2025-08-11,FR,podcast,True,False,False,208.3
C101960,Yara,Walsh,2026-06-05,US-NY,organic,True,True,True,140.49
C101961,Zane,Oduya,2024-12-29,FR,email-referral,True,False,False,293.68
C101962,Sofia,Vance,2026-06-15,UK,google,True,False,False,138.34
C101963,Zane,Tanaka,2026-02-24,US-TX,organic,True,True,False,59.91
C101964,Aria,Yilmaz,2024-05-21,DE,email-referral,True,False,True,574.0
C101965,Owen,Gray,2026-03-04,US-NY,google,True,False,False,25.88
C101966,Faye,Ito,2024-08-01,UK,email-referral,True,False,True,245.49
C101967,Cleo,Ahmed,2025-12-27,AU,organic,True,True,False,306.71
C101968,Enzo,Hunt,2025-12-24,UK,google,True,True,False,241.35
C101969,Vera,Ward,2025-06-15,DE,email-referral,True,False,True,311.99
C101970,Liam,Nash,2024-09-02,US-NY,podcast,True,False,False,303.39
C101971,Tess,Ito,2026-05-10,US-CA,email-referral,True,False,False,48.3
C101972,Gus,Torres,2025-05-30,AU,google,True,False,True,337.77
C101973,Vera,Lund,2024-10-22,US-CA,podcast,True,False,False,299.92
C101974,Rina,Yilmaz,2025-07-06,AU,google,True,False,False,97.27
C101975,Ken,Novak,2026-06-02,US-IL,email-referral,True,False,False,212.59
C101976,Yara,Chen,2024-11-11,DE,organic,True,False,True,365.83
C101977,Omar,Ueda,2026-01-09,FR,google,False,True,True,353.28
C101978,Nadia,Khan,2024-10-07,US-TX,instagram,True,False,False,127.97
C101979,Ivy,Haas,2025-03-26,US-NY,tiktok,True,False,True,216.16
C101980,Ruby,Ortiz,2026-02-18,AU,organic,True,False,False,31.95
C101981,Cleo,Quist,2025-09-17,UK,tiktok,True,True,False,384.65
C101982,Vera,Weber,2024-03-06,US-CA,podcast,True,True,True,347.06
C101983,Nina,Mora,2024-02-20,US-IL,email-referral,True,True,True,266.83
C101984,Lena,Vogel,2025-10-10,US-CA,email-referral,True,False,True,382.01
C101985,Yara,Patel,2024-03-17,US-WA,instagram,True,True,True,253.76
C101986,Rina,Haas,2024-04-23,US-FL,organic,True,False,False,132.56
C101987,Marco,Vogel,2024-07-20,US-NY,instagram,True,False,False,324.09
C101988,Jude,Young,2024-08-09,AU,tiktok,True,True,True,511.27
C101989,Ken,Park,2025-11-06,US-IL,email-referral,False,True,False,97.39
C101990,Ivy,Gray,2026-03-12,US-CA,email-referral,True,True,False,251.76
C101991,Milo,Hunt,2025-05-17,US-FL,organic,True,False,False,158.79
C101992,Diego,Ferro,2024-04-29,DE,email-referral,False,True,False,123.65
C101993,Iris,Xu,2025-12-16,US-NY,google,False,True,False,158.74
C101994,Amara,Berg,2025-04-02,FR,organic,True,False,False,145.58
C101995,Max,Ueda,2025-03-19,CA,email-referral,True,False,True,293.21
C101996,Diego,Shah,2025-09-03,US-NY,instagram,True,False,False,27.36
C101997,Mia,Rossi,2025-11-21,DE,tiktok,False,False,False,140.28
C101998,Jack,Zhang,2025-03-14,CA,google,True,True,False,313.06
C101999,Hana,Bauer,2025-05-10,US-CA,email-referral,True,True,True,265.44
C102000,Quinn,Ward,2026-01-08,US-TX,instagram,True,False,True,256.79
C102001,Nico,Diaz,2025-07-17,US-NY,tiktok,True,False,True,114.39
C102002,Jude,Ito,2025-11-02,US-TX,podcast,False,True,True,580.75
C102003,Owen,Young,2026-05-11,UK,tiktok,True,False,False,620.81
C102004,Milo,Shah,2026-01-23,AU,email-referral,False,False,False,332.19
C102005,Nadia,Ferro,2025-01-25,CA,google,True,False,True,609.02
C102006,Amara,Gray,2025-08-28,US-CA,google,True,False,False,432.93
C102007,Leo,Vance,2025-04-17,CA,organic,True,False,False,30.79
C102008,Jude,Park,2026-05-07,US-IL,podcast,True,True,False,123.62
C102009,Kai,Ward,2024-08-26,US-FL,instagram,True,True,True,359.99
C102010,Owen,Patel,2024-12-11,FR,email-referral,True,False,False,209.32
C102011,Drew,Haas,2024-02-17,US-IL,google,True,True,True,443.06
C102012,Leo,Mora,2025-07-28,AU,podcast,True,True,True,531.06
C102013,Pavel,Owens,2024-05-10,US-TX,organic,True,False,True,246.99
C102014,Lila,Berg,2025-10-31,US-IL,google,False,False,False,290.98
C102015,Beau,Zola,2024-12-07,US-IL,instagram,True,False,False,327.7
C102016,Aria,Zhang,2024-08-10,US-CA,email-referral,True,True,False,422.7
C102017,Nora,Ferro,2024-12-29,AU,organic,False,False,True,521.65
C102018,Tara,Ueda,2024-12-20,US-IL,organic,False,False,True,548.85
C102019,Elsa,Lopez,2025-10-22,US-CA,podcast,True,False,False,283.56
C102020,Sage,Owens,2025-03-28,US-FL,google,True,False,False,144.86
C102021,Lena,Ferro,2025-01-21,US-WA,organic,True,False,True,212.23
C102022,Aria,Ortiz,2025-01-28,AU,google,True,False,True,394.61
C102023,Marco,Weber,2025-12-19,US-FL,podcast,True,True,False,123.22
C102024,Mara,Lopez,2025-04-24,US-WA,email-referral,True,False,False,51.73
C102025,Beau,Ferro,2025-02-01,US-CA,organic,True,True,True,441.12
C102026,Kira,Oduya,2025-08-08,AU,tiktok,True,True,False,287.77
C102027,Ivy,Ward,2025-03-08,US-TX,google,True,True,False,71.67
C102028,Gus,Klein,2026-06-07,US-NY,instagram,True,False,True,412.8
C102029,Amara,Patel,2025-04-28,FR,podcast,True,False,False,151.86
C102030,Remy,Nash,2024-05-12,US-IL,instagram,True,True,False,220.89
C102031,Hana,Park,2026-05-10,US-NY,organic,True,True,False,86.42
C102032,Enzo,Rossi,2024-10-08,US-FL,organic,True,True,False,342.72
C102033,Enzo,Jain,2024-07-22,US-WA,podcast,True,True,False,75.6
C102034,Isla,Gray,2024-07-13,US-CA,organic,True,False,False,104.03
C102035,Kira,Gray,2025-06-24,US-TX,email-referral,True,True,False,157.81
C102036,Eli,Diaz,2025-10-21,FR,tiktok,True,False,False,279.6
C102037,Noah,Iqbal,2025-06-17,UK,tiktok,True,False,False,225.11
C102038,Ken,Diaz,2026-02-06,US-IL,email-referral,True,False,False,216.95
C102039,Aria,Yilmaz,2025-07-07,US-CA,google,True,False,False,342.67
C102040,Rina,Bauer,2025-02-22,US-CA,email-referral,False,False,True,333.71
C102041,Milo,Walsh,2026-05-04,US-FL,organic,False,False,False,217.88
C102042,Priya,Nash,2026-04-24,US-NY,tiktok,True,True,True,227.04
C102043,Beau,Weber,2025-12-15,CA,tiktok,True,False,False,241.9
C102044,Faye,Lopez,2025-01-29,US-FL,google,True,True,True,519.55
C102045,Sage,Hunt,2024-09-02,US-TX,organic,True,True,False,263.28
C102046,Zoe,Silva,2025-11-04,CA,instagram,True,True,True,165.96
C102047,Ruby,Costa,2025-10-14,FR,tiktok,True,True,False,363.15
C102048,Vera,Kim,2026-03-22,US-NY,tiktok,False,False,False,47.31
C102049,Pavel,Park,2025-01-07,US-IL,organic,False,True,False,239.1
C102050,Lila,Diaz,2024-07-14,DE,instagram,True,False,False,241.44
C102051,Priya,Shah,2025-08-23,US-FL,podcast,True,True,False,268.97
C102052,Noah,Gray,2024-02-17,CA,podcast,True,False,True,280.37
C102053,Marco,Bauer,2026-03-17,US-FL,google,True,True,False,98.91
C102054,Nora,Jain,2024-09-28,US-FL,google,True,False,False,192.34
C102055,Jack,Walsh,2025-02-20,FR,instagram,True,True,False,88.47
C102056,Isla,Moreau,2025-12-15,AU,tiktok,False,False,False,234.02
C102057,Nadia,Jain,2026-04-25,US-NY,tiktok,True,False,True,215.36
C102058,Owen,Zhang,2025-10-11,CA,google,True,True,False,100.08
C102059,Zoe,Quist,2026-04-28,US-WA,email-referral,True,False,True,604.89
C102060,Zoe,Costa,2025-08-22,FR,email-referral,True,False,False,258.76
C102061,Marco,Zola,2025-04-18,DE,instagram,True,False,True,538.15
C102062,Max,Vance,2026-02-15,US-WA,organic,True,False,True,375.17
C102063,Amara,Nash,2024-04-03,US-NY,tiktok,True,False,False,168.47
C102064,Rina,Ortiz,2024-07-23,DE,instagram,False,False,False,344.3
C102065,Leo,Patel,2024-08-04,DE,organic,True,False,False,85.9
C102066,Zoe,Rossi,2024-11-29,UK,podcast,True,False,True,401.44
C102067,Milo,Reyes,2025-10-04,CA,organic,True,False,False,147.24
C102068,Isla,Jain,2024-09-27,UK,instagram,True,False,True,306.61
C102069,Beau,Jain,2025-05-31,FR,organic,True,False,False,147.54
C102070,Enzo,Shah,2025-12-21,US-WA,google,False,True,False,392.17
C102071,Nora,Costa,2024-09-07,US-CA,google,True,True,True,175.68
C102072,Liam,Rossi,2026-01-23,AU,instagram,True,False,True,156.33
C102073,Xena,Jain,2026-02-20,US-IL,tiktok,False,True,True,637.65
C102074,Theo,Iqbal,2025-12-02,US-IL,instagram,True,True,False,322.48
C102075,Leo,Park,2025-08-20,DE,google,True,False,False,180.59
C102076,Max,Vogel,2025-11-30,US-TX,tiktok,True,False,False,168.61
C102077,Xena,Kim,2026-02-17,US-FL,instagram,True,False,False,201.32
C102078,Otis,Klein,2024-06-09,US-IL,google,True,True,True,463.48
C102079,Faye,Patel,2024-09-29,DE,organic,True,True,False,114.32
C102080,Cleo,Rossi,2025-09-16,UK,instagram,False,True,True,194.38
C102081,Noah,Diaz,2024-07-19,US-FL,organic,True,False,True,222.87
C102082,Leo,Ward,2025-09-30,US-CA,tiktok,True,True,False,306.76
C102083,Enzo,Walsh,2026-03-20,US-FL,email-referral,True,False,False,98.22
C102084,Remy,Owens,2026-01-24,US-WA,instagram,True,True,False,156.88
C102085,Ava,Rossi,2026-04-22,US-FL,email-referral,True,False,False,230.52
C102086,Gus,Klein,2024-02-21,US-WA,instagram,True,False,False,170.36
C102087,Aria,Haas,2024-03-20,DE,google,True,False,True,436.97
C102088,Lucy,Ueda,2025-11-26,US-CA,organic,False,False,True,275.32
C102089,Isla,Costa,2024-03-14,AU,podcast,True,False,False,175.21
C102090,Lila,Reyes,2025-11-06,FR,tiktok,True,False,False,269.84
C102091,Elsa,Ward,2025-07-05,US-TX,email-referral,True,True,True,411.64
C102092,Kai,Diaz,2024-10-25,US-NY,tiktok,True,True,False,266.06
C102093,Finn,Vance,2026-03-20,AU,organic,True,True,False,115.29
C102094,Mia,Weber,2024-07-20,US-FL,instagram,True,True,False,215.05
C102095,Faye,Bauer,2025-02-05,US-IL,tiktok,True,False,False,228.25
C102096,Ivy,Lopez,2024-05-05,US-FL,podcast,True,True,False,171.13
C102097,Gus,Zola,2025-04-15,US-CA,instagram,False,True,False,234.14
C102098,Finn,Ortiz,2026-01-12,UK,google,True,False,False,482.26
C102099,Aria,Zhang,2024-06-04,AU,email-referral,True,True,False,386.43
C102100,Mara,Young,2026-05-08,US-FL,instagram,False,False,False,53.85
C102101,Tara,Ellis,2026-02-24,US-NY,instagram,True,True,False,224.58
C102102,Ruby,Patel,2024-03-26,US-TX,organic,True,False,False,71.51
C102103,Liam,Torres,2025-06-16,UK,podcast,True,False,False,193.39
C102104,Ava,Haas,2024-07-27,US-IL,email-referral,True,True,False,191.62
C102105,Mia,Ortiz,2024-06-19,US-IL,email-referral,True,False,False,245.42
C102106,Gus,Hunt,2025-04-27,US-FL,organic,False,True,False,266.76
C102107,Quinn,Ward,2024-04-24,UK,organic,True,True,True,112.79
C102108,Amara,Park,2026-02-26,DE,tiktok,True,False,False,230.78
C102109,Faye,Vogel,2025-04-08,US-TX,tiktok,True,True,True,175.64
C102110,Rina,Haas,2024-05-31,DE,email-referral,True,True,False,192.83
C102111,Ruby,Torres,2025-01-26,US-CA,organic,False,False,False,83.69
C102112,Marco,Ortiz,2025-02-27,FR,google,True,True,True,405.23
C102113,Yara,Haas,2024-11-06,DE,organic,True,False,False,150.54
C102114,Lila,Oduya,2025-04-22,US-NY,podcast,True,True,True,211.05
C102115,Elsa,Shah,2026-04-22,US-WA,google,False,True,False,461.58
C102116,Kai,Nash,2026-02-14,FR,instagram,False,False,True,378.12
C102117,Drew,Walsh,2025-02-17,US-CA,email-referral,True,False,True,125.95
C102118,Ruby,Haas,2024-11-14,FR,podcast,True,True,True,331.97
C102119,Iris,Zola,2025-04-08,US-FL,email-referral,True,False,False,293.1
C102120,Cleo,Klein,2024-02-21,DE,email-referral,True,True,False,294.16
C102121,Wes,Khan,2025-07-13,FR,email-referral,False,False,False,64.08
C102122,Kai,Mora,2026-02-24,US-IL,google,True,False,False,295.4
C102123,Owen,Oduya,2024-05-18,US-TX,organic,True,False,False,127.6
C102124,Ivy,Park,2024-12-11,DE,organic,True,False,True,436.19
C102125,Max,Quist,2025-03-28,CA,organic,True,False,True,782.25
C102126,Diego,Moreau,2024-03-10,DE,podcast,False,False,False,161.26
C102127,Enzo,Ortiz,2026-03-08,US-NY,instagram,True,True,False,98.38
C102128,Faye,Mora,2024-04-23,DE,google,True,True,False,153.61
C102129,Nadia,Kim,2025-09-14,US-IL,tiktok,True,False,False,209.28
C102130,Faye,Ueda,2025-07-15,US-NY,google,True,False,False,139.55
C102131,Isla,Weber,2024-03-22,FR,instagram,True,True,False,234.36
C102132,Kira,Silva,2024-09-02,CA,email-referral,False,False,False,842.0
C102133,Jack,Chen,2025-05-11,UK,instagram,True,True,True,238.55
C102134,Sofia,Diaz,2024-09-05,UK,google,True,True,False,93.38
C102135,Nina,Ueda,2026-05-25,US-IL,tiktok,True,True,True,363.61
C102136,Finn,Gray,2025-12-06,UK,email-referral,True,True,False,291.17
C102137,Lucy,Ahmed,2026-04-20,CA,organic,True,True,False,211.14
C102138,Faye,Jain,2024-10-11,AU,email-referral,True,False,False,29.41
C102139,Liam,Khan,2024-08-05,US-WA,organic,False,False,True,243.98
C102140,Noah,Vogel,2026-06-11,US-TX,podcast,True,False,False,123.81
C102141,Marco,Ferro,2024-12-13,UK,instagram,True,True,True,187.51
C102142,Kira,Yilmaz,2025-04-27,UK,podcast,True,True,True,356.49
C102143,Eli,Nash,2026-03-11,FR,email-referral,False,False,True,165.09
C102144,Sage,Rossi,2024-12-06,US-TX,tiktok,True,False,True,486.93
C102145,Nico,Yilmaz,2024-09-05,US-NY,podcast,True,True,True,279.1
C102146,Sofia,Ward,2026-05-17,CA,organic,True,False,False,109.78
C102147,Tess,Quist,2024-09-17,US-WA,podcast,False,False,True,399.54
C102148,Mia,Costa,2026-01-14,US-CA,google,True,True,False,373.08
C102149,Yara,Tanaka,2024-12-28,US-WA,instagram,True,True,False,186.69
C102150,Zoe,Yilmaz,2024-11-30,US-FL,podcast,True,True,True,395.69
C102151,Mara,Berg,2026-03-23,FR,organic,True,True,False,305.27
C102152,Tara,Ueda,2026-04-21,DE,google,True,False,False,245.04
C102153,Nina,Reyes,2024-07-24,FR,instagram,True,True,True,289.86
C102154,Pavel,Diaz,2025-07-05,UK,podcast,True,False,False,273.79
C102155,Aria,Bauer,2024-08-16,US-WA,email-referral,True,True,True,437.45
C102156,Aria,Ahmed,2025-05-25,CA,podcast,True,True,True,355.02
C102157,Sage,Vance,2024-03-26,US-WA,organic,True,True,False,184.51
C102158,Cleo,Quist,2025-10-14,CA,instagram,False,False,False,401.52
C102159,Tara,Haas,2024-07-04,FR,podcast,True,True,True,378.85
C102160,Kira,Gray,2025-04-25,DE,tiktok,True,True,True,255.81
C102161,Cleo,Klein,2024-10-03,DE,organic,True,False,False,69.63
C102162,Sage,Mora,2025-09-09,US-WA,email-referral,False,False,False,272.49
C102163,Ruby,Reyes,2026-05-15,US-NY,organic,True,True,False,216.79
C102164,Jack,Kim,2026-03-12,US-NY,podcast,True,False,True,222.84
C102165,Ivy,Ahmed,2026-05-25,DE,email-referral,True,False,False,330.89
C102166,Ava,Zhang,2025-10-25,AU,email-referral,True,False,False,200.27
C102167,Faye,Park,2024-08-05,US-CA,organic,True,True,False,128.64
C102168,Zane,Vance,2025-05-30,CA,podcast,True,False,False,554.22
C102169,Ava,Ueda,2024-12-12,US-WA,instagram,True,False,True,304.0
C102170,Max,Jain,2025-12-07,US-WA,instagram,True,True,False,212.42
C102171,Theo,Iqbal,2025-06-23,UK,podcast,False,True,True,294.8
C102172,Priya,Owens,2024-07-27,US-WA,instagram,False,True,True,293.92
C102173,Elsa,Bauer,2025-01-07,AU,email-referral,True,True,False,186.72
C102174,Noah,Hunt,2025-05-07,US-TX,podcast,True,True,True,456.54
C102175,Faye,Vance,2024-11-07,US-FL,email-referral,True,True,True,97.82
C102176,Theo,Young,2024-05-04,UK,google,True,False,True,199.23
C102177,Jude,Costa,2025-08-02,US-FL,instagram,True,True,False,163.63
C102178,Elsa,Quist,2025-04-01,AU,tiktok,True,True,False,251.48
C102179,Cleo,Jain,2025-06-03,FR,organic,False,True,True,400.38
C102180,Drew,Tanaka,2025-09-04,US-TX,organic,True,False,True,368.16
C102181,Isla,Torres,2026-04-23,UK,email-referral,True,True,False,115.14
C102182,Lucy,Zhang,2024-07-28,DE,organic,True,False,False,198.78
C102183,Pia,Torres,2026-04-11,US-FL,email-referral,False,False,True,299.97
C102184,Priya,Weber,2025-03-22,US-WA,instagram,True,False,False,34.11
C102185,Zoe,Ellis,2025-12-21,US-WA,podcast,True,False,False,169.35
C102186,Iris,Nash,2024-08-24,US-NY,google,False,False,False,140.37
C102187,Xena,Park,2024-12-03,FR,email-referral,True,True,False,18.56
C102188,Ava,Khan,2025-04-30,US-WA,email-referral,True,False,False,367.13
C102189,Pia,Shah,2024-11-10,US-FL,google,True,True,False,177.43
C102190,Remy,Jain,2024-07-07,US-TX,organic,True,False,True,380.21
C102191,Jude,Gray,2026-04-13,FR,podcast,True,True,False,283.05
C102192,Pia,Berg,2024-04-22,US-IL,tiktok,True,False,False,358.13
C102193,Diego,Hunt,2025-04-24,US-FL,google,True,False,False,172.59
C102194,Gus,Rossi,2024-10-08,US-TX,email-referral,True,True,True,272.15
C102195,Diego,Vance,2025-03-05,US-NY,email-referral,True,True,True,261.1
C102196,Amara,Park,2025-12-18,US-NY,google,True,False,False,58.41
C102197,Zane,Ward,2026-06-06,US-WA,podcast,True,False,False,277.45
C102198,Rosa,Torres,2025-08-07,FR,organic,True,False,False,333.68
C102199,Gus,Silva,2025-01-24,UK,google,True,True,False,363.71
C102200,Pia,Moreau,2024-03-09,FR,email-referral,True,True,True,539.33
C102201,Beau,Berg,2025-05-02,CA,tiktok,True,False,False,150.09
C102202,Drew,Ahmed,2026-03-20,US-FL,email-referral,True,True,False,334.6
C102203,Ava,Hunt,2025-04-14,UK,podcast,False,True,False,354.03
C102204,Eli,Yilmaz,2025-07-24,US-WA,podcast,False,False,False,131.25
C102205,Leo,Ortiz,2025-11-25,US-IL,google,True,True,False,199.43
C102206,Nina,Ahmed,2025-12-18,FR,organic,True,True,False,218.24
C102207,Ruby,Owens,2026-01-16,US-CA,email-referral,True,False,False,193.65
C102208,Gus,Young,2025-11-25,US-WA,google,True,False,False,172.67
C102209,Beau,Shah,2025-11-25,CA,email-referral,True,False,False,58.27
C102210,Otis,Yilmaz,2024-08-16,US-IL,tiktok,True,True,True,495.5
C102211,Lila,Ward,2024-06-27,DE,email-referral,True,False,True,209.8
C102212,Nadia,Yilmaz,2026-01-05,US-CA,tiktok,True,False,False,197.33
C102213,Remy,Ellis,2026-04-27,AU,google,True,False,True,492.42
C102214,Vera,Kim,2024-09-11,AU,google,True,True,True,458.48
C102215,Theo,Oduya,2025-02-15,US-WA,instagram,True,False,False,90.71
C102216,Eli,Oduya,2025-12-28,US-IL,google,True,True,False,273.72
C102217,Leo,Zola,2025-08-04,US-CA,email-referral,True,True,False,76.47
C102218,Owen,Ito,2024-03-27,CA,organic,True,True,True,135.6
C102219,Quinn,Reyes,2025-11-22,US-FL,instagram,True,False,False,74.0
C102220,Amara,Khan,2026-04-18,AU,organic,False,False,False,160.74
C102221,Lena,Ferro,2025-12-14,US-WA,email-referral,True,False,False,163.05
C102222,Aria,Gray,2024-08-25,US-FL,google,True,False,False,238.64
C102223,Pavel,Ward,2025-12-11,US-WA,email-referral,True,False,True,440.27
C102224,Rosa,Silva,2024-06-09,US-TX,instagram,True,False,False,239.54
C102225,Zoe,Gray,2025-07-10,US-CA,instagram,False,False,False,214.39
C102226,Jack,Oduya,2025-08-03,US-NY,google,True,False,False,312.99
C102227,Lena,Ortiz,2025-01-20,CA,organic,True,True,False,208.16
C102228,Pia,Vance,2025-02-01,US-CA,email-referral,True,True,True,256.49
C102229,Remy,Patel,2025-03-15,CA,google,True,False,True,77.54
C102230,Liam,Ferro,2024-03-19,DE,tiktok,False,True,False,357.23
C102231,Rina,Chen,2025-01-26,US-TX,email-referral,True,False,True,182.06
C102232,Priya,Silva,2024-12-04,US-IL,tiktok,True,True,False,47.63
C102233,Tara,Patel,2024-12-24,US-FL,podcast,True,False,False,238.38
C102234,Lila,Vance,2025-09-18,CA,email-referral,True,False,True,306.65
C102235,Lila,Silva,2024-05-18,UK,google,True,False,True,531.89
C102236,Nina,Lopez,2025-05-14,US-WA,instagram,True,True,False,96.67
C102237,Otis,Rossi,2025-08-24,UK,podcast,False,False,False,346.89
C102238,Remy,Khan,2024-12-11,US-IL,organic,True,True,False,254.59
C102239,Kira,Vogel,2025-10-27,US-WA,tiktok,False,False,False,187.42
C102240,Isla,Ito,2025-07-15,US-IL,email-referral,True,False,False,301.52
C102241,Gus,Hunt,2025-05-15,AU,google,False,False,False,216.16
C102242,Lena,Kim,2024-02-28,US-WA,email-referral,True,False,True,446.8
C102243,Owen,Iqbal,2025-02-18,US-IL,google,False,False,True,298.91
C102244,Kai,Park,2025-08-23,UK,organic,True,True,False,234.71
C102245,Noah,Rossi,2025-11-02,US-IL,podcast,True,False,True,823.5
C102246,Ava,Patel,2025-12-05,US-FL,tiktok,True,True,False,136.05
C102247,Nico,Moreau,2025-10-25,US-WA,google,True,True,False,184.88
C102248,Quinn,Diaz,2024-02-24,FR,tiktok,True,True,False,251.62
C102249,Xena,Weber,2024-03-28,UK,email-referral,True,False,False,779.75
C102250,Zane,Walsh,2026-01-14,US-NY,tiktok,True,False,False,350.99
C102251,Gus,Zhang,2024-10-05,US-TX,organic,False,True,False,351.53
C102252,Amara,Chen,2024-06-16,UK,google,True,False,False,143.91
C102253,Omar,Iqbal,2024-04-16,FR,tiktok,True,True,False,73.62
C102254,Enzo,Kim,2026-04-08,US-FL,organic,True,False,False,364.79
C102255,Lila,Ellis,2024-10-17,CA,google,False,True,True,584.57
C102256,Vera,Khan,2025-11-04,US-CA,google,True,False,True,375.0
C102257,Isla,Shah,2026-02-15,CA,instagram,False,False,False,303.33
C102258,Omar,Costa,2025-02-06,CA,instagram,False,False,True,396.65
C102259,Otis,Xu,2025-08-25,US-TX,tiktok,True,True,True,277.98
C102260,Quinn,Novak,2025-04-13,FR,organic,True,False,True,174.03
C102261,Iris,Silva,2025-08-20,US-TX,instagram,True,False,False,24.6
C102262,Uma,Ward,2024-08-23,US-NY,tiktok,True,False,True,183.48
C102263,Jude,Weber,2024-12-02,US-NY,google,True,True,False,326.26
C102264,Nico,Khan,2025-02-20,US-CA,podcast,True,False,True,184.98
C102265,Hana,Xu,2024-03-11,FR,google,True,True,False,92.11
C102266,Nico,Haas,2024-02-16,US-IL,instagram,False,True,True,322.42
C102267,Jude,Moreau,2024-02-29,US-CA,instagram,False,True,False,93.34
C102268,Wes,Xu,2025-03-23,US-FL,tiktok,True,True,False,192.28
C102269,Otis,Xu,2026-02-03,UK,tiktok,True,True,False,192.6
C102270,Noah,Ward,2025-12-27,US-IL,google,True,False,False,428.31
C102271,Vera,Ortiz,2024-12-25,US-CA,podcast,False,False,True,434.59
C102272,Vera,Xu,2026-01-01,FR,instagram,True,True,True,414.69
C102273,Diego,Gray,2025-01-26,US-NY,tiktok,True,False,True,130.46
C102274,Pavel,Quist,2025-10-11,FR,google,True,False,False,304.93
C102275,Rosa,Ferro,2024-04-29,DE,google,True,True,False,159.38
C102276,Iris,Klein,2025-12-31,US-TX,instagram,True,True,True,342.85
C102277,Remy,Novak,2025-07-13,US-FL,google,False,False,False,93.99
C102278,Xena,Iqbal,2025-09-10,US-NY,podcast,True,False,True,283.96
C102279,Liam,Reyes,2024-04-27,US-NY,tiktok,True,True,True,266.14
C102280,Zoe,Moreau,2025-12-04,US-TX,google,True,True,False,51.02
C102281,Xena,Reyes,2025-06-11,US-NY,organic,False,False,True,286.43
C102282,Isla,Diaz,2025-12-20,FR,tiktok,False,False,False,143.07
C102283,Ruby,Reyes,2025-12-09,DE,organic,True,False,True,290.75
C102284,Amara,Chen,2024-03-16,UK,google,True,False,False,301.79
C102285,Ken,Ferro,2024-05-31,FR,instagram,True,True,True,398.75
C102286,Priya,Zola,2024-03-24,US-NY,email-referral,True,True,False,409.66
C102287,Xena,Oduya,2025-08-15,US-NY,instagram,True,True,False,311.19
C102288,Rosa,Rossi,2024-08-31,US-IL,instagram,False,False,False,178.73
C102289,Ivy,Reyes,2025-04-25,FR,google,False,False,False,128.23
C102290,Marco,Kim,2025-07-12,CA,tiktok,True,False,True,286.99
C102291,Omar,Diaz,2025-07-23,CA,google,True,False,False,141.96
C102292,Milo,Mora,2026-03-06,US-TX,instagram,True,True,False,19.79
C102293,Owen,Iqbal,2026-05-24,US-TX,instagram,True,False,False,56.81
C102294,Ken,Owens,2024-12-20,US-CA,google,True,False,False,59.59
C102295,Cleo,Moreau,2025-05-03,DE,podcast,False,False,False,411.76
C102296,Sofia,Costa,2025-03-25,UK,podcast,True,False,False,340.92
C102297,Rina,Bauer,2026-05-04,US-TX,google,True,False,False,199.44
C102298,Leo,Park,2025-03-03,US-TX,tiktok,True,False,False,323.54
C102299,Sofia,Klein,2024-08-04,US-IL,email-referral,True,False,False,145.4
C102300,Tara,Berg,2024-03-15,UK,podcast,True,True,False,271.54
C102301,Theo,Xu,2024-11-19,DE,google,True,False,True,195.82
C102302,Milo,Nash,2024-10-16,US-NY,instagram,True,False,False,52.16
C102303,Finn,Haas,2024-11-08,US-IL,email-referral,True,False,False,33.77
C102304,Uma,Chen,2025-12-23,US-TX,google,False,True,True,325.86
C102305,Iris,Jain,2025-11-07,UK,instagram,True,False,False,130.08
C102306,Isla,Ward,2025-03-09,US-WA,tiktok,True,False,False,429.58
C102307,Leo,Nash,2025-05-26,US-NY,tiktok,True,True,False,79.15
C102308,Kira,Weber,2024-05-25,US-IL,podcast,True,False,False,45.39
C102309,Kai,Chen,2026-05-13,FR,email-referral,True,True,True,244.23
C102310,Quinn,Silva,2024-12-13,US-WA,email-referral,False,True,False,252.23
C102311,Remy,Gray,2026-06-02,FR,email-referral,True,False,False,287.04
C102312,Quinn,Haas,2024-12-07,AU,email-referral,True,True,False,171.5
C102313,Enzo,Vogel,2026-04-06,US-FL,instagram,True,False,False,243.7
C102314,Nina,Klein,2024-11-12,US-CA,email-referral,True,False,True,388.83
C102315,Ava,Ferro,2025-12-31,CA,organic,True,False,True,377.76
C102316,Priya,Gray,2025-11-11,US-TX,organic,True,False,False,49.01
C102317,Enzo,Jain,2025-01-02,FR,tiktok,True,True,True,234.76
C102318,Rina,Shah,2026-02-10,US-NY,podcast,True,True,False,193.12
C102319,Finn,Moreau,2024-10-26,UK,email-referral,True,False,False,259.13
C102320,Rina,Yilmaz,2025-04-17,US-TX,podcast,True,True,True,280.2
C102321,Vera,Zola,2024-03-22,AU,instagram,True,False,False,117.78
C102322,Uma,Lund,2025-05-14,AU,podcast,True,True,False,92.62
C102323,Pavel,Khan,2025-12-27,US-NY,tiktok,True,False,True,455.71
C102324,Nina,Chen,2026-02-04,US-FL,podcast,True,True,True,222.18
C102325,Nico,Torres,2025-12-25,US-CA,tiktok,False,False,True,345.46
C102326,Tara,Diaz,2025-05-07,US-WA,instagram,False,False,False,271.16
C102327,Milo,Tanaka,2025-10-09,US-CA,email-referral,True,True,True,386.55
C102328,Milo,Yilmaz,2026-06-06,US-CA,google,True,False,True,75.3
C102329,Priya,Oduya,2025-09-11,US-IL,instagram,True,False,True,492.42
C102330,Jude,Xu,2025-11-29,US-NY,organic,True,False,False,242.87
C102331,Diego,Ueda,2026-01-07,UK,email-referral,True,False,True,286.37
C102332,Tess,Silva,2026-06-13,US-CA,organic,True,False,True,241.81
C102333,Sage,Young,2024-08-03,DE,organic,True,True,False,138.38
C102334,Elsa,Park,2025-04-20,US-FL,organic,True,False,False,75.6
C102335,Vera,Khan,2025-09-03,AU,organic,True,False,True,229.9
C102336,Sofia,Iqbal,2024-12-23,US-FL,instagram,True,False,False,126.44
C102337,Noah,Young,2025-01-17,FR,organic,True,True,False,171.59
C102338,Gus,Yilmaz,2024-08-08,US-CA,organic,True,False,True,285.57
C102339,Max,Ito,2025-06-16,US-FL,instagram,True,True,False,190.83
C102340,Drew,Torres,2024-09-16,DE,instagram,False,False,True,342.87
C102341,Iris,Oduya,2024-03-10,US-NY,podcast,False,False,False,210.63
C102342,Jude,Gray,2025-02-03,US-WA,google,True,False,False,254.03
C102343,Nora,Moreau,2025-07-31,US-CA,email-referral,False,False,False,129.22
C102344,Ava,Tanaka,2026-06-14,DE,email-referral,True,True,True,448.24
C102345,Ken,Zhang,2025-04-13,US-TX,email-referral,True,True,True,336.87
C102346,Tara,Haas,2025-07-16,DE,email-referral,True,False,True,341.98
C102347,Milo,Ito,2026-02-01,US-NY,tiktok,True,True,True,358.55
C102348,Nadia,Weber,2026-03-07,US-IL,podcast,True,True,True,238.13
C102349,Theo,Haas,2024-12-23,DE,instagram,True,False,False,460.75
C102350,Priya,Vogel,2025-10-17,FR,instagram,True,False,False,132.21
C102351,Hana,Rossi,2026-02-16,AU,google,True,False,False,449.92
C102352,Lila,Lopez,2025-01-27,FR,organic,True,False,True,207.84
C102353,Pia,Yilmaz,2024-03-29,DE,organic,True,True,False,128.02
C102354,Enzo,Novak,2024-04-13,AU,tiktok,True,False,False,242.54
C102355,Hana,Rossi,2024-12-11,AU,instagram,True,True,False,34.06
C102356,Ken,Moreau,2024-03-24,CA,podcast,False,False,False,315.84
C102357,Zane,Owens,2024-03-28,CA,email-referral,True,False,False,122.46
C102358,Ava,Klein,2026-06-17,DE,podcast,True,False,False,286.8
C102359,Hana,Zhang,2025-08-24,US-TX,tiktok,True,True,False,237.34
C102360,Zoe,Zhang,2025-06-26,US-TX,podcast,False,False,False,55.55
C102361,Priya,Yilmaz,2025-06-07,UK,email-referral,True,False,False,271.43
C102362,Ruby,Walsh,2025-01-14,CA,organic,True,False,False,95.13
C102363,Ava,Reyes,2024-11-04,US-FL,email-referral,True,True,False,266.06
C102364,Vera,Costa,2024-12-11,US-FL,tiktok,False,False,False,308.64
C102365,Nico,Khan,2024-07-28,US-FL,podcast,True,True,False,282.99
C102366,Tess,Mora,2024-08-10,DE,tiktok,True,False,False,500.56
C102367,Sofia,Tanaka,2024-09-06,US-NY,email-referral,True,True,True,488.72
C102368,Beau,Quist,2025-02-24,US-FL,google,True,True,False,233.56
C102369,Drew,Klein,2024-05-06,US-NY,tiktok,True,True,False,315.57
C102370,Sage,Silva,2024-04-26,US-IL,organic,True,True,False,164.98
C102371,Rina,Berg,2024-11-21,UK,instagram,True,True,False,157.37
C102372,Sofia,Torres,2024-07-16,US-WA,organic,True,False,False,512.55
C102373,Tara,Ito,2025-12-20,US-CA,instagram,True,False,False,71.31
C102374,Eli,Xu,2024-03-15,DE,instagram,True,False,True,240.51
C102375,Quinn,Moreau,2024-10-12,US-NY,instagram,True,False,False,96.45
C102376,Lila,Mora,2024-03-05,DE,google,True,True,False,155.81
C102377,Lucy,Tanaka,2025-11-29,US-FL,email-referral,True,False,False,160.53
C102378,Lucy,Moreau,2024-12-02,UK,organic,True,False,False,495.98
C102379,Zane,Novak,2024-05-26,US-NY,instagram,True,False,False,317.96
C102380,Priya,Patel,2025-10-03,US-CA,tiktok,True,True,False,97.4
C102381,Quinn,Gray,2025-01-28,US-IL,email-referral,True,True,False,319.5
C102382,Pia,Ueda,2024-12-08,US-FL,podcast,True,True,False,190.5
C102383,Lucy,Iqbal,2025-06-16,US-CA,podcast,True,False,True,388.54
C102384,Iris,Mora,2024-12-18,US-CA,instagram,True,True,True,279.47
C102385,Isla,Costa,2025-04-30,DE,organic,True,True,True,403.06
C102386,Nadia,Zola,2026-04-17,US-CA,instagram,True,False,False,652.76
C102387,Uma,Patel,2024-09-13,US-WA,tiktok,True,True,True,93.47
C102388,Isla,Vance,2026-04-21,FR,tiktok,True,False,False,205.28
C102389,Cleo,Ward,2025-04-23,US-IL,podcast,True,False,False,145.53
C102390,Eli,Berg,2025-02-28,DE,google,True,True,True,281.48
C102391,Quinn,Xu,2026-05-11,DE,organic,True,False,True,741.64
C102392,Nina,Novak,2025-06-18,UK,organic,True,False,False,56.29
C102393,Wes,Novak,2025-01-14,US-TX,email-referral,True,True,False,223.01
C102394,Priya,Torres,2024-10-09,US-FL,instagram,False,True,False,115.64
C102395,Leo,Bauer,2024-12-16,US-IL,instagram,True,False,False,212.73
C102396,Jack,Silva,2024-10-21,US-NY,email-referral,True,False,False,187.01
C102397,Zane,Yilmaz,2025-07-30,US-CA,podcast,True,True,True,587.57
C102398,Diego,Ortiz,2025-11-29,US-CA,email-referral,True,True,True,340.95
C102399,Nina,Haas,2026-05-21,US-FL,instagram,True,False,False,71.91
C102400,Nico,Zola,2025-09-25,CA,podcast,True,True,False,73.03
C102401,Rosa,Ito,2024-04-24,DE,instagram,True,True,False,200.66
C102402,Theo,Diaz,2026-06-06,CA,google,False,True,False,242.81
C102403,Rina,Zhang,2025-04-12,US-NY,email-referral,False,False,True,287.59
C102404,Milo,Patel,2026-04-26,AU,instagram,True,True,True,257.69
C102405,Mara,Ellis,2025-05-02,AU,podcast,True,False,False,505.24
C102406,Mia,Yilmaz,2026-02-11,US-TX,tiktok,True,True,False,75.71
C102407,Cleo,Tanaka,2025-02-06,US-WA,organic,True,False,False,44.83
C102408,Iris,Ueda,2025-09-17,US-NY,google,True,True,True,273.55
C102409,Liam,Lund,2026-01-15,US-CA,tiktok,True,False,True,277.23
C102410,Elsa,Berg,2025-04-17,FR,podcast,True,False,False,63.06
C102411,Finn,Chen,2025-12-09,CA,podcast,True,True,False,365.34
C102412,Nadia,Park,2025-02-20,US-IL,instagram,True,True,True,193.44
C102413,Owen,Yilmaz,2024-03-06,CA,podcast,False,True,True,100.85
C102414,Elsa,Jain,2024-03-09,AU,email-referral,True,False,False,46.21
C102415,Jude,Klein,2025-03-26,DE,email-referral,True,True,True,110.21
C102416,Sage,Vance,2026-03-05,US-NY,email-referral,True,False,True,180.71
C102417,Ruby,Gray,2025-05-25,US-CA,organic,True,True,False,110.27
C102418,Noah,Yilmaz,2024-08-14,FR,email-referral,True,False,True,216.78
C102419,Sage,Vogel,2025-09-03,US-WA,instagram,True,True,False,183.06
C102420,Vera,Ellis,2024-10-01,FR,tiktok,True,False,False,260.28
C102421,Pavel,Weber,2025-09-29,US-IL,tiktok,True,False,False,31.64
C102422,Aria,Chen,2025-04-08,US-NY,tiktok,True,True,False,169.1
C102423,Aria,Ellis,2024-09-04,US-IL,email-referral,True,True,True,220.62
C102424,Finn,Quist,2024-03-02,UK,google,True,False,True,306.49
C102425,Zane,Oduya,2026-02-17,US-WA,google,True,False,True,610.08
C102426,Eli,Xu,2024-06-23,US-WA,google,False,False,True,147.78
C102427,Leo,Young,2025-01-13,US-CA,google,True,True,False,337.37
C102428,Nico,Park,2026-01-05,FR,google,True,False,True,264.33
C102429,Ava,Rossi,2024-12-09,US-NY,podcast,True,False,True,423.89
C102430,Quinn,Young,2025-01-19,US-WA,email-referral,True,False,True,361.62
C102431,Omar,Diaz,2025-06-10,FR,organic,True,False,False,60.98
C102432,Max,Shah,2026-01-26,UK,email-referral,True,False,True,228.35
C102433,Uma,Owens,2024-10-13,US-CA,google,True,False,False,303.11
C102434,Lila,Khan,2025-01-05,US-CA,instagram,True,False,False,248.46
C102435,Tess,Mora,2025-10-02,FR,organic,True,False,True,176.78
C102436,Enzo,Owens,2026-01-25,US-IL,tiktok,True,False,False,296.56
C102437,Kai,Vance,2024-07-04,FR,google,True,True,True,363.24
C102438,Yara,Haas,2025-09-18,US-WA,podcast,True,True,True,354.2
C102439,Jude,Haas,2026-01-22,DE,instagram,True,False,True,161.9
C102440,Max,Tanaka,2024-12-05,FR,email-referral,True,False,True,293.76
C102441,Noah,Nash,2024-11-08,US-FL,instagram,False,False,True,268.17
C102442,Finn,Diaz,2024-12-10,US-WA,google,False,False,False,152.69
C102443,Theo,Owens,2025-08-21,UK,email-referral,True,False,True,201.5
C102444,Gus,Torres,2024-08-09,FR,tiktok,True,True,True,199.03
C102445,Kira,Silva,2025-01-26,FR,instagram,True,True,True,628.61
C102446,Priya,Hunt,2024-10-08,US-WA,podcast,True,True,False,146.85
C102447,Max,Ortiz,2025-02-19,US-IL,podcast,True,False,False,65.09
C102448,Enzo,Rossi,2025-02-15,US-NY,instagram,True,False,True,500.11
C102449,Zoe,Khan,2024-07-07,US-CA,organic,True,False,False,246.72
C102450,Ruby,Walsh,2024-05-17,UK,google,True,True,False,150.46
C102451,Omar,Ortiz,2024-09-28,AU,email-referral,True,True,True,405.34
C102452,Nico,Mora,2025-03-28,US-CA,organic,True,False,False,189.74
C102453,Sage,Lopez,2024-09-04,US-TX,instagram,False,False,False,179.63
C102454,Hana,Hunt,2025-04-20,DE,google,False,False,False,192.56
C102455,Owen,Quist,2024-09-23,US-FL,instagram,True,True,False,243.32
C102456,Jack,Kim,2025-03-18,AU,instagram,True,False,False,146.17
C102457,Milo,Ueda,2026-03-18,CA,google,True,False,True,333.99
C102458,Diego,Yilmaz,2024-04-09,US-TX,instagram,True,False,False,36.34
C102459,Elsa,Lund,2025-11-07,CA,podcast,True,False,False,170.07
C102460,Kira,Quist,2024-04-16,US-TX,organic,True,True,False,73.01
C102461,Elsa,Novak,2024-12-02,FR,email-referral,True,False,False,391.49
C102462,Finn,Park,2025-12-18,FR,google,True,False,False,437.84
C102463,Cleo,Xu,2025-04-16,US-CA,google,True,False,False,400.32
C102464,Pia,Iqbal,2025-10-25,US-NY,tiktok,True,True,False,468.12
C102465,Isla,Chen,2024-09-23,UK,tiktok,True,False,False,98.04
C102466,Ruby,Jain,2024-09-09,CA,google,True,False,True,184.74
C102467,Cleo,Zhang,2025-03-30,DE,tiktok,True,False,True,100.19
C102468,Rosa,Xu,2025-12-12,US-WA,organic,True,False,False,113.72
C102469,Kai,Costa,2026-02-19,US-WA,organic,True,False,False,208.89
C102470,Kai,Yilmaz,2026-05-26,US-FL,podcast,True,False,True,444.46
C102471,Lila,Berg,2025-10-02,US-CA,google,True,False,True,439.46
C102472,Ivy,Ito,2024-11-26,US-NY,email-referral,True,False,True,452.8
C102473,Tess,Tanaka,2025-10-14,AU,organic,True,False,False,107.38
C102474,Aria,Rossi,2026-04-11,FR,instagram,True,True,False,39.12
C102475,Zoe,Lopez,2026-03-08,CA,instagram,True,False,False,240.24
C102476,Isla,Park,2024-04-27,US-IL,tiktok,True,True,False,195.21
C102477,Isla,Patel,2024-10-10,US-IL,organic,True,True,False,83.14
C102478,Cleo,Zola,2026-04-01,US-CA,instagram,False,True,False,43.54
C102479,Zoe,Young,2025-06-13,US-CA,podcast,True,True,True,960.37
C102480,Finn,Costa,2025-05-23,UK,podcast,False,True,True,253.21
C102481,Priya,Hunt,2026-03-16,US-WA,email-referral,True,False,True,546.62
C102482,Lucy,Klein,2026-03-31,US-FL,tiktok,True,True,False,196.6
C102483,Ruby,Moreau,2025-02-09,US-WA,instagram,True,False,False,27.28
C102484,Tess,Mora,2024-05-16,DE,google,True,False,True,189.56
C102485,Cleo,Patel,2024-03-30,US-FL,tiktok,False,False,False,441.66
C102486,Hana,Bauer,2026-02-27,US-CA,podcast,True,False,False,152.14
C102487,Beau,Haas,2025-10-08,US-CA,tiktok,False,True,True,279.28
C102488,Faye,Yilmaz,2026-05-15,FR,organic,True,False,False,29.11
C102489,Lena,Reyes,2025-01-20,US-FL,google,True,True,False,276.39
C102490,Pia,Khan,2024-07-08,AU,tiktok,False,False,False,303.77
C102491,Otis,Silva,2026-04-03,US-WA,email-referral,True,False,False,40.31
C102492,Isla,Oduya,2025-08-28,US-WA,email-referral,True,False,True,459.88
C102493,Mara,Diaz,2024-08-18,US-IL,google,False,True,False,242.52
C102494,Jude,Lund,2024-06-02,US-FL,tiktok,True,True,False,359.09
C102495,Gus,Diaz,2026-01-07,US-WA,google,True,False,False,304.95
C102496,Sofia,Ahmed,2024-11-02,UK,organic,True,False,True,294.08
C102497,Jack,Iqbal,2026-03-23,CA,tiktok,True,True,False,292.83
C102498,Wes,Zhang,2024-07-16,US-TX,organic,True,False,False,293.45
C102499,Ivy,Iqbal,2024-12-23,FR,google,False,False,False,362.76
C102500,Yara,Costa,2024-07-26,UK,instagram,True,True,False,285.96
C102501,Nico,Ward,2024-10-26,AU,podcast,True,False,False,312.47
C102502,Liam,Shah,2024-04-06,US-WA,organic,False,True,True,150.08
C102503,Iris,Chen,2024-05-29,US-WA,tiktok,True,True,True,423.5
C102504,Isla,Zhang,2024-09-01,US-FL,email-referral,True,True,True,287.77
C102505,Beau,Gray,2024-08-13,US-IL,email-referral,True,True,True,485.6
C102506,Elsa,Park,2026-04-28,US-WA,tiktok,True,False,True,586.06
C102507,Uma,Ueda,2025-01-25,US-WA,tiktok,True,True,False,161.83
C102508,Mia,Tanaka,2024-08-24,US-IL,google,False,True,True,223.99
C102509,Noah,Oduya,2024-02-18,DE,email-referral,False,False,False,230.09
C102510,Enzo,Silva,2025-10-26,UK,podcast,True,False,False,200.66
C102511,Rosa,Lopez,2024-08-07,UK,google,False,True,False,206.31
C102512,Amara,Shah,2025-07-19,US-NY,organic,True,False,True,495.33
C102513,Ivy,Haas,2025-12-04,US-FL,google,True,False,True,360.13
C102514,Marco,Diaz,2025-05-22,UK,google,True,False,False,296.69
C102515,Pavel,Zhang,2025-12-27,DE,instagram,True,False,False,181.27
C102516,Marco,Rossi,2025-06-11,UK,email-referral,True,True,False,386.27
C102517,Priya,Silva,2025-02-17,US-FL,instagram,False,False,False,100.24
C102518,Theo,Ward,2026-03-19,US-WA,organic,True,False,False,310.9
C102519,Lucy,Lund,2024-11-24,CA,tiktok,True,False,True,181.76
C102520,Rina,Nash,2025-07-26,FR,email-referral,False,False,False,374.1
C102521,Remy,Ferro,2025-02-02,CA,email-referral,True,True,True,270.2
C102522,Tess,Khan,2024-05-29,US-TX,google,True,False,False,85.77
C102523,Diego,Ward,2024-12-29,DE,google,True,False,True,248.85
C102524,Iris,Diaz,2025-10-13,US-TX,tiktok,True,True,False,132.82
C102525,Nora,Novak,2024-11-06,DE,organic,True,False,False,346.55
C102526,Kai,Tanaka,2025-05-15,US-TX,instagram,True,False,False,319.43
C102527,Hana,Ito,2025-12-19,CA,email-referral,True,False,True,490.61
C102528,Xena,Iqbal,2024-10-03,US-WA,podcast,True,True,True,424.54
C102529,Nico,Lund,2025-03-11,US-WA,google,False,True,False,285.99
C102530,Omar,Ortiz,2024-07-18,US-FL,tiktok,True,False,False,607.6
C102531,Vera,Ito,2024-07-22,US-TX,podcast,True,True,True,377.21
C102532,Wes,Ito,2026-06-11,US-IL,podcast,True,False,False,132.83
C102533,Zoe,Ellis,2025-07-25,DE,google,True,True,False,160.07
C102534,Pavel,Ortiz,2024-02-25,CA,google,True,False,True,892.93
C102535,Uma,Jain,2025-01-04,US-CA,organic,True,True,True,225.93
C102536,Kai,Klein,2026-01-16,US-WA,google,False,True,False,39.32
C102537,Marco,Ahmed,2024-07-11,US-CA,google,False,False,True,354.46
C102538,Isla,Quist,2024-03-03,US-FL,instagram,True,True,False,162.86
C102539,Rina,Patel,2024-07-29,FR,organic,True,True,False,587.47
C102540,Cleo,Tanaka,2025-12-29,UK,podcast,True,True,False,320.02
C102541,Hana,Berg,2025-12-07,DE,email-referral,True,True,True,276.18
C102542,Max,Klein,2025-09-03,UK,organic,True,False,False,149.44
C102543,Otis,Ferro,2024-02-15,CA,email-referral,True,False,False,105.54
C102544,Lena,Owens,2024-07-24,US-CA,instagram,True,True,True,348.77
C102545,Liam,Moreau,2025-10-17,US-FL,organic,True,True,True,304.08
C102546,Ruby,Zola,2025-08-14,AU,organic,True,True,False,255.03
C102547,Diego,Weber,2024-08-24,US-TX,email-referral,True,True,True,370.18
C102548,Jack,Walsh,2024-06-23,US-IL,tiktok,True,True,True,243.7
C102549,Pia,Young,2024-10-31,UK,google,True,False,True,134.24
C102550,Ivy,Vance,2025-02-06,DE,organic,True,True,True,314.49
C102551,Pavel,Patel,2024-04-06,CA,podcast,True,False,False,53.71
C102552,Pavel,Xu,2025-02-04,AU,email-referral,True,True,False,51.08
C102553,Beau,Shah,2025-04-16,US-NY,podcast,True,False,False,198.97
C102554,Amara,Rossi,2025-01-09,US-CA,email-referral,True,True,False,105.97
C102555,Lucy,Chen,2025-04-25,US-CA,podcast,True,False,True,509.18
C102556,Marco,Ellis,2026-04-30,US-IL,tiktok,True,False,True,314.01
C102557,Owen,Zola,2025-08-19,DE,tiktok,True,False,True,48.43
C102558,Faye,Jain,2024-04-05,DE,google,True,False,False,19.42
C102559,Hana,Ellis,2024-05-28,AU,tiktok,True,True,False,48.78
C102560,Zane,Mora,2024-07-09,AU,google,True,True,False,110.71
C102561,Zoe,Kim,2026-04-02,US-TX,google,True,True,False,99.69
C102562,Enzo,Ueda,2026-03-08,AU,instagram,True,False,True,326.0
C102563,Mara,Diaz,2025-01-30,US-TX,tiktok,True,True,True,243.98
C102564,Ruby,Gray,2025-03-26,DE,organic,True,True,False,189.73
C102565,Kira,Young,2025-03-10,FR,google,True,False,False,261.25
C102566,Remy,Lopez,2024-08-02,US-TX,google,True,False,True,567.2
C102567,Owen,Silva,2025-07-20,DE,instagram,True,False,False,60.41
C102568,Lena,Lopez,2024-06-20,US-FL,podcast,True,True,False,50.91
C102569,Lena,Mora,2025-08-11,US-WA,tiktok,False,True,False,338.17
C102570,Rina,Quist,2026-03-22,UK,podcast,True,True,False,201.92
C102571,Finn,Kim,2025-03-31,US-NY,organic,True,False,True,319.87
C102572,Pavel,Moreau,2025-08-17,UK,instagram,True,False,True,186.36
C102573,Remy,Weber,2024-12-24,US-NY,podcast,True,True,False,144.93
C102574,Nico,Rossi,2024-05-23,AU,instagram,True,False,False,205.06
C102575,Ruby,Owens,2024-02-29,US-TX,google,True,True,True,373.6
C102576,Owen,Vogel,2025-05-08,AU,organic,True,True,True,331.96
C102577,Zoe,Ortiz,2025-12-08,FR,email-referral,True,False,False,77.6
C102578,Otis,Bauer,2024-09-04,US-CA,email-referral,True,True,True,323.13
C102579,Faye,Mora,2025-03-27,DE,google,True,True,True,487.47
C102580,Nico,Ahmed,2024-10-20,UK,tiktok,True,False,True,120.27
C102581,Ken,Silva,2025-11-16,UK,google,False,False,False,411.45
C102582,Noah,Patel,2025-04-18,US-IL,google,True,True,False,187.85
C102583,Amara,Lund,2025-07-07,US-NY,email-referral,True,False,False,24.35
C102584,Tess,Torres,2025-06-24,CA,podcast,True,True,False,305.29
C102585,Kai,Hunt,2024-10-05,US-FL,organic,True,False,True,233.63
C102586,Liam,Oduya,2024-04-30,FR,organic,True,False,False,112.21
C102587,Marco,Vance,2024-11-12,US-NY,email-referral,True,True,False,285.79
C102588,Quinn,Patel,2024-05-05,US-CA,email-referral,True,False,False,146.44
C102589,Iris,Khan,2026-03-18,UK,tiktok,True,False,True,409.25
C102590,Milo,Ito,2025-02-07,FR,podcast,True,False,False,149.54
C102591,Omar,Ito,2025-05-07,FR,podcast,True,False,True,131.3
C102592,Rosa,Hunt,2025-08-22,FR,tiktok,True,True,True,101.4
C102593,Drew,Vogel,2025-04-03,US-FL,tiktok,False,True,False,262.97
C102594,Omar,Mora,2026-04-27,US-IL,podcast,True,False,False,383.44
C102595,Kira,Ellis,2025-10-16,AU,tiktok,True,False,True,280.72
C102596,Marco,Diaz,2024-06-05,DE,podcast,True,True,False,138.05
C102597,Mara,Shah,2025-12-04,US-TX,google,True,False,False,84.9
C102598,Lila,Shah,2026-03-16,CA,email-referral,False,False,False,31.05
C102599,Hana,Ueda,2024-05-10,US-NY,email-referral,False,False,False,131.95
C102600,Tara,Reyes,2024-12-27,US-FL,tiktok,True,True,True,252.71
C102601,Kira,Haas,2024-09-03,CA,email-referral,True,False,False,108.26
C102602,Ivy,Reyes,2026-04-14,FR,organic,True,False,False,169.05
C102603,Tara,Lopez,2024-05-05,CA,instagram,True,False,False,448.68
C102604,Cleo,Ward,2026-06-11,US-TX,google,True,True,False,62.15
C102605,Vera,Klein,2024-04-20,US-NY,google,True,False,False,185.11
C102606,Mara,Weber,2026-04-15,AU,organic,True,False,False,320.79
C102607,Ivy,Berg,2024-04-17,US-TX,google,True,False,False,461.36
C102608,Omar,Hunt,2026-04-30,US-NY,podcast,False,False,True,305.15
C102609,Mia,Klein,2024-11-19,US-TX,google,True,True,False,190.18
C102610,Eli,Zhang,2024-07-22,US-NY,tiktok,True,False,False,57.19
C102611,Cleo,Chen,2024-07-29,US-WA,organic,True,False,False,55.54
C102612,Cleo,Lopez,2025-04-30,UK,organic,False,False,False,139.72
C102613,Amara,Khan,2024-07-09,US-FL,email-referral,False,True,True,215.77
C102614,Sofia,Weber,2024-10-01,AU,tiktok,True,False,True,414.42
C102615,Quinn,Ueda,2026-04-21,DE,instagram,True,False,False,78.38
C102616,Milo,Ferro,2026-04-17,US-IL,organic,True,False,True,329.48
C102617,Rina,Klein,2025-11-23,FR,google,True,True,True,253.66
C102618,Amara,Mora,2026-03-13,CA,tiktok,True,False,False,78.35
C102619,Mia,Ueda,2024-07-20,CA,podcast,False,True,True,201.2
C102620,Xena,Zhang,2026-05-04,US-FL,instagram,True,False,False,191.76
C102621,Beau,Oduya,2025-12-24,US-CA,instagram,False,True,False,329.22
C102622,Tess,Silva,2024-04-15,CA,google,True,False,True,367.58
C102623,Ruby,Haas,2025-05-25,UK,podcast,True,True,True,590.04
C102624,Beau,Ferro,2025-09-22,FR,email-referral,True,True,False,317.74
C102625,Otis,Lund,2025-02-20,AU,podcast,True,True,False,288.52
C102626,Lila,Chen,2025-06-08,US-CA,google,True,True,False,44.67
C102627,Eli,Walsh,2025-10-25,US-NY,podcast,True,False,False,379.98
C102628,Tess,Bauer,2024-05-29,UK,google,False,False,True,445.65
C102629,Diego,Rossi,2026-05-23,US-CA,email-referral,True,False,False,156.43
C102630,Otis,Zhang,2026-01-10,US-CA,tiktok,False,False,False,401.89
C102631,Faye,Berg,2025-09-05,UK,instagram,False,False,False,158.54
C102632,Max,Diaz,2025-11-08,UK,email-referral,True,True,False,178.12
C102633,Kai,Lopez,2025-10-10,UK,google,True,False,False,210.05
C102634,Eli,Walsh,2025-11-26,DE,tiktok,True,True,True,178.95
C102635,Yara,Oduya,2024-10-29,DE,google,True,False,False,256.56
C102636,Diego,Bauer,2025-07-10,US-IL,google,True,True,False,70.79
C102637,Kai,Vogel,2025-03-16,US-IL,organic,True,True,False,26.28
C102638,Gus,Reyes,2026-04-20,CA,organic,True,False,False,158.98
C102639,Enzo,Zola,2025-06-17,US-WA,podcast,True,True,True,367.11
C102640,Theo,Ortiz,2025-12-03,FR,google,True,False,False,113.92
C102641,Elsa,Rossi,2026-03-31,UK,google,False,True,False,459.83
C102642,Ivy,Haas,2024-05-28,AU,organic,True,True,True,260.69
C102643,Isla,Patel,2024-11-09,UK,organic,True,False,True,287.89
C102644,Theo,Bauer,2025-10-29,US-CA,google,True,True,False,254.49
C102645,Sage,Costa,2024-05-29,US-WA,google,True,True,False,131.19
C102646,Rina,Ferro,2024-05-28,US-FL,podcast,True,False,False,462.04
C102647,Kira,Ito,2026-02-01,US-TX,tiktok,True,True,True,407.83
C102648,Rosa,Tanaka,2024-09-07,US-WA,email-referral,True,False,False,214.0
C102649,Kai,Ito,2024-07-22,US-CA,podcast,False,False,False,185.3
C102650,Tess,Weber,2024-02-16,AU,organic,False,False,False,207.14
C102651,Finn,Xu,2024-05-31,FR,podcast,False,False,False,148.59
C102652,Theo,Weber,2026-04-05,US-NY,organic,True,False,False,277.27
C102653,Enzo,Zola,2025-07-04,CA,tiktok,True,True,False,48.31
C102654,Marco,Vogel,2026-05-26,US-FL,organic,True,False,True,202.46
C102655,Sofia,Lund,2024-03-02,US-WA,tiktok,False,False,True,480.88
C102656,Beau,Young,2026-04-25,US-IL,google,True,False,False,28.97
C102657,Theo,Chen,2024-05-21,DE,email-referral,True,True,False,79.16
C102658,Ruby,Nash,2024-03-26,US-WA,tiktok,True,False,False,264.03
C102659,Pavel,Ueda,2025-04-16,UK,google,True,False,True,371.55
C102660,Pia,Kim,2024-12-02,UK,google,True,False,False,293.91
C102661,Marco,Kim,2025-07-09,US-CA,instagram,True,True,False,140.52
C102662,Mara,Novak,2026-06-08,US-WA,tiktok,True,True,False,103.82
C102663,Amara,Costa,2026-02-01,US-CA,organic,False,True,False,385.35
C102664,Otis,Weber,2024-08-02,CA,google,False,True,True,171.58
C102665,Theo,Lund,2025-10-22,DE,instagram,True,True,True,395.47
C102666,Jack,Oduya,2024-10-01,CA,google,False,False,False,184.16
C102667,Tess,Reyes,2026-06-14,UK,tiktok,True,True,False,116.71
C102668,Elsa,Owens,2026-05-23,US-IL,podcast,True,False,False,421.79
C102669,Yara,Iqbal,2025-03-31,US-NY,organic,True,False,False,44.33
C102670,Elsa,Shah,2024-11-05,FR,organic,True,False,True,178.54
C102671,Rosa,Young,2024-04-22,AU,podcast,True,True,False,46.6
C102672,Eli,Owens,2024-12-26,FR,email-referral,True,True,True,434.97
C102673,Sofia,Yilmaz,2025-01-17,US-CA,instagram,True,True,False,597.75
C102674,Max,Ellis,2024-10-24,US-WA,organic,False,False,False,184.02
C102675,Eli,Nash,2026-03-10,US-NY,tiktok,False,False,False,68.16
C102676,Mia,Walsh,2026-03-02,US-TX,google,False,False,False,217.45
C102677,Sofia,Rossi,2026-03-28,US-IL,organic,True,False,False,145.13
C102678,Iris,Rossi,2026-06-14,US-CA,instagram,True,False,True,499.17
C102679,Milo,Ito,2024-07-15,DE,podcast,True,False,False,199.72
C102680,Elsa,Hunt,2024-11-14,CA,google,True,False,False,155.15
C102681,Gus,Oduya,2024-10-09,US-IL,podcast,True,True,False,293.13
C102682,Faye,Vance,2025-10-21,AU,podcast,True,False,True,653.36
C102683,Marco,Ueda,2026-02-08,US-IL,google,True,False,False,261.46
C102684,Diego,Novak,2026-03-03,US-NY,email-referral,True,False,True,343.39
C102685,Jack,Walsh,2024-03-15,FR,email-referral,False,False,False,157.79
C102686,Wes,Klein,2024-09-28,AU,organic,True,True,True,384.11
C102687,Kira,Jain,2024-11-01,US-TX,google,True,True,False,107.06
C102688,Priya,Patel,2025-01-05,CA,instagram,True,False,False,200.18
C102689,Pavel,Patel,2025-10-23,US-NY,google,True,False,True,532.01
C102690,Mara,Rossi,2025-10-06,US-IL,tiktok,True,False,False,318.93
C102691,Remy,Zhang,2024-11-05,US-CA,tiktok,True,False,True,656.56
C102692,Rosa,Oduya,2024-08-21,US-FL,tiktok,True,False,False,62.69
C102693,Gus,Novak,2025-05-24,UK,email-referral,True,True,True,288.28
C102694,Jack,Ferro,2025-09-28,UK,podcast,True,False,False,693.47
C102695,Omar,Zola,2026-03-24,UK,google,True,False,False,272.57
C102696,Priya,Patel,2025-10-20,US-WA,tiktok,True,True,True,434.71
C102697,Zane,Xu,2026-03-08,US-NY,tiktok,True,False,True,461.61
C102698,Gus,Berg,2025-10-18,FR,tiktok,True,False,True,368.93
C102699,Kira,Chen,2025-02-07,CA,google,True,False,True,342.63
C102700,Liam,Oduya,2025-10-21,US-IL,organic,True,True,False,189.04
C102701,Amara,Zhang,2025-07-07,US-IL,podcast,True,True,False,393.61
C102702,Liam,Owens,2024-09-27,DE,google,True,False,False,63.57
C102703,Ruby,Silva,2025-08-23,CA,google,True,True,False,257.55
C102704,Cleo,Kim,2024-06-29,US-CA,podcast,True,True,False,366.11
C102705,Ivy,Ortiz,2025-06-03,US-CA,tiktok,True,True,True,195.31
C102706,Mara,Lopez,2024-03-02,UK,organic,True,True,False,113.59
C102707,Leo,Diaz,2026-02-19,US-WA,organic,True,True,False,584.77
C102708,Ruby,Moreau,2024-04-01,US-CA,tiktok,False,True,False,249.33
C102709,Otis,Hunt,2026-02-20,US-IL,google,True,True,False,187.49
C102710,Diego,Yilmaz,2025-01-30,US-TX,organic,True,False,False,119.0
C102711,Iris,Ortiz,2025-12-24,DE,google,True,False,False,155.64
C102712,Milo,Kim,2024-05-04,US-IL,podcast,True,False,True,540.83
C102713,Diego,Rossi,2025-03-22,CA,podcast,False,False,True,349.83
C102714,Cleo,Owens,2024-07-11,AU,tiktok,True,True,False,46.93
C102715,Pia,Chen,2025-01-05,US-FL,podcast,False,True,False,242.84
C102716,Tara,Ellis,2024-02-23,DE,organic,True,False,False,62.97
C102717,Pavel,Reyes,2024-07-29,DE,google,True,False,False,349.76
C102718,Kira,Lopez,2025-04-20,US-TX,tiktok,True,False,True,270.68
C102719,Iris,Yilmaz,2025-09-11,US-WA,organic,True,False,True,315.33
C102720,Nina,Zola,2024-06-03,CA,email-referral,True,True,True,399.3
C102721,Ken,Costa,2025-12-22,US-NY,google,True,True,True,386.12
C102722,Yara,Patel,2025-03-23,US-WA,tiktok,True,True,False,307.11
C102723,Theo,Iqbal,2024-03-25,UK,tiktok,True,False,False,345.72
C102724,Priya,Berg,2026-03-31,US-TX,tiktok,True,False,False,480.79
C102725,Aria,Quist,2026-05-04,DE,tiktok,True,False,False,211.53
C102726,Pavel,Ellis,2024-06-09,US-IL,podcast,True,True,False,124.69
C102727,Owen,Ortiz,2026-02-20,AU,podcast,True,True,True,250.69
C102728,Yara,Patel,2025-10-05,UK,tiktok,True,False,True,265.92
C102729,Rosa,Ferro,2024-06-02,US-TX,email-referral,False,True,False,98.34
C102730,Kai,Shah,2025-02-10,CA,organic,True,False,True,450.45
C102731,Iris,Ferro,2024-04-03,US-CA,instagram,True,False,False,54.33
C102732,Tess,Ferro,2026-01-16,DE,email-referral,True,False,False,229.37
C102733,Milo,Ahmed,2026-03-14,CA,instagram,True,False,False,340.74
C102734,Kai,Haas,2025-09-04,US-IL,podcast,False,True,True,207.53
C102735,Tara,Rossi,2026-03-26,FR,instagram,False,False,True,259.21
C102736,Ken,Owens,2025-03-01,US-NY,organic,True,True,False,194.68
C102737,Diego,Park,2024-06-10,US-IL,tiktok,True,True,False,223.65
C102738,Omar,Jain,2024-02-16,US-TX,organic,False,False,False,296.22
C102739,Wes,Nash,2025-02-21,US-NY,email-referral,False,False,False,181.27
C102740,Pia,Ito,2026-06-08,US-FL,google,True,False,False,163.96
C102741,Amara,Reyes,2024-12-14,DE,podcast,True,False,False,208.76
C102742,Gus,Oduya,2026-06-11,US-IL,tiktok,False,True,False,411.04
C102743,Rosa,Bauer,2025-11-26,US-WA,podcast,True,False,True,406.71
C102744,Lila,Weber,2025-01-25,US-WA,google,True,True,False,42.29
C102745,Lucy,Owens,2025-11-21,AU,google,False,True,True,174.12
C102746,Nico,Lund,2026-01-06,US-TX,google,True,True,True,381.08
C102747,Amara,Oduya,2026-02-05,FR,tiktok,True,False,True,299.9
C102748,Faye,Walsh,2025-02-10,DE,google,True,False,False,240.37
C102749,Wes,Oduya,2024-05-30,US-TX,google,True,True,False,237.46
C102750,Faye,Walsh,2025-01-11,DE,instagram,True,True,False,152.5
C102751,Enzo,Bauer,2026-05-13,US-CA,organic,True,False,True,352.0
C102752,Sage,Patel,2025-09-30,US-FL,instagram,True,False,False,408.24
C102753,Lucy,Yilmaz,2024-03-05,US-WA,google,False,True,False,294.13
C102754,Lucy,Young,2026-02-26,AU,email-referral,True,False,False,216.66
C102755,Rosa,Rossi,2026-05-25,US-NY,email-referral,True,False,True,137.25
C102756,Diego,Oduya,2025-11-27,US-FL,instagram,True,False,False,156.07
C102757,Aria,Yilmaz,2026-02-07,CA,google,True,True,False,379.34
C102758,Drew,Bauer,2024-12-24,US-NY,google,True,True,False,183.08
C102759,Nora,Mora,2024-02-14,US-WA,google,True,True,True,325.2
C102760,Enzo,Ito,2026-03-21,DE,instagram,True,False,True,284.8
C102761,Mia,Jain,2024-04-17,US-NY,email-referral,True,True,False,201.31
C102762,Yara,Khan,2025-10-11,FR,email-referral,True,False,False,637.15
C102763,Yara,Vogel,2025-06-06,US-WA,google,True,True,True,180.9
C102764,Owen,Ferro,2025-02-27,FR,podcast,True,True,False,63.66
C102765,Kai,Diaz,2024-04-17,US-TX,tiktok,True,True,True,358.06
C102766,Lena,Reyes,2025-09-11,US-TX,google,True,False,False,76.66
C102767,Drew,Ellis,2025-06-17,CA,google,True,False,True,392.21
C102768,Nora,Lund,2024-10-22,DE,tiktok,True,False,True,577.23
C102769,Leo,Weber,2025-05-05,US-CA,organic,True,False,False,282.91
C102770,Sofia,Berg,2026-01-21,US-FL,organic,True,False,False,277.75
C102771,Rosa,Zhang,2024-12-10,US-CA,google,True,True,False,78.2
C102772,Mia,Young,2026-03-08,US-IL,tiktok,True,False,True,352.46
C102773,Ruby,Oduya,2024-02-14,US-CA,podcast,True,True,True,369.25
C102774,Aria,Walsh,2025-08-01,DE,instagram,False,True,False,176.04
C102775,Tara,Berg,2024-03-15,US-IL,instagram,True,True,False,181.99
C102776,Quinn,Diaz,2024-07-26,DE,organic,True,False,False,149.43
C102777,Beau,Lund,2025-07-29,US-TX,podcast,True,False,False,153.05
C102778,Enzo,Rossi,2024-12-11,US-CA,tiktok,True,False,True,274.68
C102779,Jack,Vogel,2025-04-26,US-NY,google,True,True,True,472.53
C102780,Sage,Ward,2025-10-26,US-FL,google,True,False,True,344.74
C102781,Diego,Ahmed,2025-04-10,US-IL,instagram,True,False,False,277.57
C102782,Owen,Ito,2025-10-16,AU,tiktok,True,False,True,328.85
C102783,Amara,Walsh,2024-12-30,UK,tiktok,True,True,False,136.63
C102784,Elsa,Quist,2026-03-27,UK,organic,True,False,False,139.13
C102785,Quinn,Ellis,2025-02-23,US-NY,podcast,True,False,True,333.4
C102786,Leo,Oduya,2024-03-29,AU,organic,True,False,False,160.8
C102787,Rina,Iqbal,2024-03-28,US-WA,organic,True,False,False,398.53
C102788,Nina,Ahmed,2025-05-04,US-NY,tiktok,True,True,False,161.6
C102789,Aria,Kim,2024-05-25,US-WA,podcast,True,False,False,221.92
C102790,Leo,Reyes,2025-05-21,US-TX,organic,True,True,False,367.76
C102791,Liam,Diaz,2026-01-26,DE,email-referral,False,False,False,185.91
C102792,Enzo,Iqbal,2024-09-16,UK,podcast,True,True,False,159.18
C102793,Tess,Tanaka,2026-04-09,US-CA,tiktok,True,True,True,315.59
C102794,Diego,Shah,2025-02-15,US-IL,organic,True,False,True,636.5
C102795,Vera,Rossi,2024-05-16,US-FL,podcast,True,True,True,260.81
C102796,Rina,Patel,2025-12-11,US-WA,tiktok,True,True,False,136.35
C102797,Gus,Ueda,2025-01-07,US-WA,podcast,True,False,False,123.36
C102798,Sage,Tanaka,2025-06-17,UK,tiktok,True,False,False,301.73
C102799,Aria,Xu,2025-05-05,FR,instagram,False,False,False,151.48
C102800,Uma,Chen,2025-02-24,US-FL,podcast,True,False,False,227.56
C102801,Max,Bauer,2025-11-17,FR,email-referral,True,True,False,206.5
C102802,Lena,Tanaka,2025-09-26,US-CA,tiktok,True,False,False,377.72
C102803,Sofia,Nash,2024-07-28,US-CA,google,True,True,True,398.9
C102804,Jude,Costa,2024-05-31,CA,organic,True,True,False,40.25
C102805,Nadia,Weber,2025-08-19,US-FL,email-referral,True,False,False,141.63
C102806,Enzo,Ward,2026-04-30,AU,organic,True,False,False,90.95
C102807,Quinn,Reyes,2025-08-09,US-CA,podcast,True,False,False,126.4
C102808,Quinn,Walsh,2025-02-10,US-CA,google,True,False,True,298.43
C102809,Vera,Gray,2024-12-11,US-WA,tiktok,True,True,False,131.59
C102810,Ava,Vance,2025-06-30,US-WA,tiktok,True,False,False,261.67
C102811,Iris,Walsh,2024-09-21,CA,podcast,True,False,False,161.02
C102812,Gus,Park,2024-03-11,CA,organic,True,True,False,197.36
C102813,Nora,Kim,2025-07-04,US-NY,instagram,True,False,True,451.14
C102814,Xena,Owens,2025-05-21,US-NY,tiktok,True,False,False,212.87
C102815,Ruby,Ito,2025-02-07,CA,podcast,True,False,False,306.96
C102816,Enzo,Costa,2024-04-30,US-TX,podcast,True,True,False,89.88
C102817,Tess,Vance,2024-12-19,US-WA,google,True,False,True,276.68
C102818,Iris,Berg,2025-08-02,US-FL,instagram,True,False,False,412.16
C102819,Aria,Ferro,2024-09-16,DE,tiktok,True,False,False,216.14
C102820,Zane,Silva,2024-08-07,CA,organic,True,False,True,482.24
C102821,Ivy,Hunt,2025-12-19,AU,google,True,True,True,325.51
C102822,Rina,Reyes,2025-04-03,US-NY,google,True,False,False,51.66
C102823,Finn,Walsh,2025-03-31,US-FL,email-referral,True,False,True,596.68
C102824,Ava,Ito,2024-08-28,CA,email-referral,True,True,False,169.13
C102825,Omar,Reyes,2024-10-11,FR,google,True,False,False,62.69
C102826,Max,Klein,2026-04-28,DE,google,True,False,False,260.31
C102827,Quinn,Torres,2024-10-16,US-WA,email-referral,True,True,False,212.89
C102828,Ava,Hunt,2025-04-11,UK,email-referral,False,True,False,332.23
C102829,Milo,Park,2025-10-13,US-NY,tiktok,True,False,False,216.72
C102830,Tara,Nash,2025-08-12,CA,google,True,False,True,244.49
C102831,Theo,Nash,2024-07-18,UK,instagram,True,True,True,290.49
C102832,Theo,Tanaka,2026-02-06,DE,podcast,False,True,False,195.76
C102833,Xena,Weber,2026-01-07,US-NY,tiktok,True,False,False,105.67
C102834,Jack,Diaz,2025-01-16,UK,instagram,True,False,False,478.57
C102835,Finn,Khan,2024-08-06,US-IL,tiktok,False,False,True,424.48
C102836,Faye,Novak,2026-03-01,US-TX,instagram,True,False,True,154.09
C102837,Nico,Ueda,2025-04-10,DE,instagram,True,False,True,368.59
C102838,Amara,Torres,2025-08-21,US-NY,email-referral,True,True,False,86.84
C102839,Ruby,Yilmaz,2025-11-20,DE,organic,True,True,True,180.96
C102840,Cleo,Vogel,2024-07-19,US-WA,instagram,True,True,True,246.35
C102841,Isla,Gray,2025-10-10,US-CA,email-referral,True,False,True,433.53
C102842,Nora,Ferro,2024-07-06,US-FL,google,False,True,False,74.08
C102843,Rosa,Tanaka,2025-05-20,US-TX,google,True,False,True,332.85
C102844,Ivy,Shah,2026-02-05,US-CA,email-referral,True,True,False,243.92
C102845,Omar,Ortiz,2025-02-05,US-IL,podcast,True,False,True,433.13
C102846,Nora,Walsh,2025-02-20,US-TX,organic,True,True,False,281.39
C102847,Milo,Gray,2025-07-26,US-NY,instagram,False,True,True,285.35
C102848,Ruby,Ahmed,2025-04-22,US-TX,organic,True,True,False,232.77
C102849,Kai,Diaz,2024-07-08,US-FL,podcast,True,False,False,218.85
C102850,Mia,Ito,2024-10-13,US-NY,podcast,True,True,False,55.26
C102851,Ken,Ahmed,2026-05-03,US-IL,podcast,True,True,False,234.61
C102852,Tess,Mora,2024-11-24,CA,instagram,True,True,True,451.71
C102853,Amara,Shah,2025-04-13,US-NY,podcast,True,False,False,214.11
C102854,Theo,Ito,2024-05-27,CA,organic,True,True,False,484.76
C102855,Amara,Ferro,2026-02-23,US-NY,organic,True,False,False,225.62
C102856,Max,Vance,2025-11-22,AU,organic,True,False,True,413.26
C102857,Theo,Kim,2024-06-17,US-IL,instagram,True,True,False,245.41
C102858,Hana,Young,2024-09-13,US-NY,podcast,False,True,False,117.39
C102859,Jack,Lopez,2026-06-15,US-TX,email-referral,True,False,False,118.5
C102860,Tara,Ferro,2026-03-20,CA,organic,True,False,True,300.21
C102861,Rosa,Young,2025-08-31,US-CA,instagram,True,True,True,302.63
C102862,Nico,Ahmed,2024-10-30,AU,tiktok,True,True,True,21.8
C102863,Finn,Moreau,2024-11-03,CA,google,True,True,False,213.48
C102864,Amara,Quist,2025-08-17,AU,google,False,False,False,200.31
C102865,Marco,Mora,2025-07-01,US-WA,google,True,False,False,455.07
C102866,Faye,Ueda,2026-03-08,US-FL,podcast,True,False,True,378.55
C102867,Lucy,Bauer,2024-10-21,UK,email-referral,True,False,False,231.76
C102868,Noah,Novak,2025-05-24,US-TX,organic,False,False,False,161.86
C102869,Lena,Berg,2025-06-02,DE,instagram,True,True,True,605.71
C102870,Ivy,Patel,2025-12-01,CA,organic,True,False,True,452.87
C102871,Enzo,Rossi,2024-12-20,US-FL,podcast,True,False,False,101.12
C102872,Hana,Xu,2026-01-04,US-IL,google,True,False,True,180.48
C102873,Nina,Reyes,2024-09-21,DE,google,True,True,False,182.38
C102874,Liam,Vance,2024-04-06,CA,google,True,False,False,287.19
C102875,Diego,Mora,2025-10-09,US-WA,organic,True,True,True,527.78
C102876,Zoe,Zhang,2024-07-19,US-TX,tiktok,True,True,False,478.43
C102877,Wes,Khan,2026-02-01,AU,instagram,True,True,False,279.94
C102878,Amara,Iqbal,2024-06-24,US-IL,podcast,True,False,True,331.78
C102879,Faye,Mora,2025-12-28,UK,google,True,False,True,240.94
C102880,Lila,Kim,2024-05-13,US-TX,instagram,True,True,False,192.74
C102881,Diego,Hunt,2024-11-28,UK,tiktok,True,False,True,485.17
C102882,Rina,Oduya,2026-05-26,UK,tiktok,False,False,True,324.58
C102883,Rosa,Xu,2025-10-21,US-CA,instagram,True,False,False,245.78
C102884,Kai,Vogel,2025-05-28,US-TX,tiktok,True,False,True,217.19
C102885,Liam,Haas,2025-04-24,US-TX,google,True,True,False,56.48
C102886,Max,Klein,2025-09-08,US-CA,email-referral,False,False,False,176.93
C102887,Beau,Berg,2025-12-05,US-IL,email-referral,True,True,False,199.11
C102888,Nora,Khan,2024-11-10,US-WA,email-referral,True,False,False,226.66
C102889,Lila,Ellis,2024-12-02,US-FL,podcast,True,True,False,279.37
C102890,Jude,Lund,2025-10-16,US-IL,instagram,True,True,True,157.97
C102891,Eli,Ortiz,2024-12-20,US-FL,tiktok,True,False,False,222.05
C102892,Zane,Shah,2025-09-19,AU,podcast,True,False,False,75.73
C102893,Vera,Kim,2025-08-23,CA,google,True,False,False,137.82
C102894,Hana,Zhang,2024-11-18,US-CA,podcast,True,True,False,332.91
C102895,Hana,Diaz,2025-09-02,US-NY,podcast,True,False,False,187.42
C102896,Enzo,Ahmed,2025-02-14,US-NY,podcast,True,True,True,409.39
C102897,Uma,Yilmaz,2025-03-10,US-CA,podcast,False,False,False,328.33
C102898,Max,Oduya,2026-06-06,US-FL,google,True,False,False,86.66
C102899,Zoe,Diaz,2026-02-09,US-FL,organic,True,False,True,289.95
C102900,Ken,Quist,2024-10-12,US-NY,organic,True,False,True,275.11
C102901,Sofia,Mora,2026-02-12,US-FL,tiktok,True,True,True,369.69
C102902,Beau,Hunt,2026-06-04,US-CA,organic,True,False,False,216.35
C102903,Diego,Ortiz,2024-08-15,US-NY,organic,True,False,True,327.86
C102904,Yara,Jain,2025-05-20,FR,email-referral,True,True,False,38.91
C102905,Quinn,Gray,2025-04-25,CA,tiktok,False,True,False,143.0
C102906,Liam,Gray,2024-03-28,UK,podcast,True,False,False,350.16
C102907,Nora,Ferro,2025-09-29,UK,instagram,True,False,False,142.43
C102908,Ava,Park,2025-06-07,CA,google,True,True,True,1147.61
C102909,Ken,Lopez,2026-04-11,FR,podcast,True,False,False,134.13
C102910,Jack,Chen,2025-02-19,US-TX,organic,True,False,False,252.11
C102911,Faye,Novak,2025-02-06,UK,organic,True,True,False,187.28
C102912,Kira,Tanaka,2025-01-15,US-TX,google,True,False,False,49.6
C102913,Remy,Vogel,2024-03-17,DE,podcast,True,True,True,235.86
C102914,Mara,Kim,2025-07-07,UK,instagram,True,False,False,234.07
C102915,Nadia,Zhang,2024-12-11,US-TX,podcast,True,False,True,349.75
C102916,Owen,Chen,2024-12-05,AU,tiktok,True,True,False,97.87
C102917,Noah,Yilmaz,2026-01-29,AU,tiktok,True,False,False,195.47
C102918,Ruby,Ortiz,2024-10-09,US-WA,tiktok,True,True,True,294.3
C102919,Finn,Ito,2025-06-06,DE,instagram,True,False,False,51.21
C102920,Leo,Novak,2025-07-21,US-IL,tiktok,True,False,True,111.54
C102921,Zoe,Vogel,2025-01-05,US-IL,tiktok,True,False,False,155.23
C102922,Wes,Quist,2024-09-29,US-TX,email-referral,True,True,False,194.55
C102923,Aria,Walsh,2026-05-01,DE,instagram,True,False,False,497.73
C102924,Wes,Jain,2025-09-15,AU,podcast,True,False,True,372.09
C102925,Elsa,Weber,2024-07-11,US-NY,podcast,True,False,True,167.88
C102926,Finn,Walsh,2025-05-21,US-NY,organic,True,True,True,344.11
C102927,Tess,Novak,2025-01-20,DE,podcast,True,False,False,88.7
C102928,Ruby,Mora,2024-03-07,US-TX,instagram,True,False,False,340.28
C102929,Liam,Rossi,2024-11-20,US-WA,instagram,True,False,False,142.7
C102930,Ava,Owens,2026-03-13,AU,google,True,True,True,185.75
C102931,Lena,Novak,2024-07-15,US-IL,tiktok,True,False,False,91.52
C102932,Mara,Zhang,2024-05-04,UK,organic,True,True,False,179.94
C102933,Ava,Nash,2025-11-01,US-WA,instagram,True,True,False,45.86
C102934,Lucy,Moreau,2024-10-11,US-WA,podcast,True,False,False,160.18
C102935,Nadia,Lund,2025-09-13,DE,organic,True,False,False,303.16
C102936,Elsa,Ellis,2024-06-28,AU,google,True,False,False,84.6
C102937,Sage,Novak,2024-09-24,US-WA,organic,True,True,False,251.96
C102938,Liam,Mora,2025-05-15,FR,podcast,True,False,True,746.04
C102939,Kai,Ueda,2026-04-18,FR,email-referral,False,False,True,437.57
C102940,Sofia,Rossi,2024-05-19,US-TX,podcast,True,False,False,137.89
C102941,Milo,Bauer,2026-01-04,US-NY,tiktok,True,False,False,245.77
C102942,Elsa,Yilmaz,2026-01-19,US-CA,google,True,True,False,211.14
C102943,Theo,Gray,2026-04-09,DE,google,True,True,False,136.11
C102944,Enzo,Owens,2024-08-07,CA,email-referral,True,False,False,181.29
C102945,Pavel,Chen,2024-03-07,US-NY,organic,True,False,True,276.96
C102946,Hana,Walsh,2024-08-25,US-WA,instagram,True,True,False,142.89
C102947,Omar,Ellis,2026-05-17,US-WA,organic,True,False,False,75.5
C102948,Jude,Tanaka,2025-04-22,US-IL,instagram,True,False,False,41.79
C102949,Elsa,Quist,2024-04-19,DE,instagram,True,False,True,207.02
C102950,Nadia,Gray,2025-01-27,FR,instagram,True,False,True,159.99
C102951,Liam,Zhang,2024-10-11,FR,instagram,True,True,True,432.22
C102952,Nadia,Costa,2024-12-16,US-FL,instagram,True,True,False,361.14
C102953,Priya,Park,2024-05-04,US-CA,podcast,True,False,True,359.44
C102954,Rina,Haas,2025-06-26,US-NY,instagram,False,False,False,218.75
C102955,Beau,Kim,2026-04-22,AU,organic,True,True,False,118.44
C102956,Rosa,Ito,2026-02-13,US-IL,organic,True,True,False,243.77
C102957,Amara,Nash,2025-04-13,FR,tiktok,True,True,True,576.43
C102958,Enzo,Shah,2026-02-22,US-WA,instagram,True,True,False,164.74
C102959,Liam,Ito,2024-04-09,FR,podcast,True,False,False,227.4
C102960,Milo,Haas,2024-05-05,US-NY,google,False,True,True,388.95
C102961,Beau,Owens,2025-01-24,UK,email-referral,False,False,False,131.76
C102962,Ivy,Lopez,2024-12-26,US-WA,organic,True,False,True,344.64
C102963,Noah,Haas,2024-12-25,CA,google,False,True,False,213.17
C102964,Milo,Hunt,2024-12-03,US-FL,podcast,True,False,True,599.52
C102965,Theo,Ward,2024-06-12,US-CA,podcast,True,False,True,198.43
C102966,Aria,Khan,2025-07-12,DE,podcast,True,True,False,114.9
C102967,Omar,Nash,2026-01-04,AU,podcast,True,False,False,178.56
C102968,Isla,Park,2025-08-18,US-WA,podcast,True,False,False,101.52
C102969,Quinn,Owens,2025-09-02,FR,email-referral,True,False,False,226.62
C102970,Owen,Ortiz,2026-05-29,UK,email-referral,True,False,True,550.71
C102971,Ken,Zhang,2024-10-12,AU,organic,True,True,False,256.31
C102972,Ava,Oduya,2024-08-09,US-NY,podcast,True,True,True,161.27
C102973,Theo,Bauer,2024-06-23,US-CA,organic,True,False,True,469.14
C102974,Tess,Young,2025-09-11,US-NY,tiktok,True,False,False,230.82
C102975,Iris,Zhang,2024-07-02,US-FL,tiktok,True,False,False,115.15
C102976,Finn,Zola,2025-05-03,FR,instagram,True,False,False,93.33
C102977,Nico,Yilmaz,2026-03-27,FR,organic,True,False,False,400.94
C102978,Jack,Zola,2026-02-28,FR,organic,False,False,True,299.77
C102979,Mia,Silva,2025-05-06,US-FL,organic,True,False,False,368.82
C102980,Sofia,Vogel,2024-07-13,CA,google,True,False,False,195.0
C102981,Nadia,Kim,2026-02-20,US-CA,instagram,True,False,False,93.58
C102982,Liam,Patel,2025-09-16,US-CA,tiktok,True,False,False,301.01
C102983,Aria,Novak,2025-07-16,US-TX,instagram,True,True,False,272.15
C102984,Zoe,Diaz,2025-06-22,US-FL,google,True,False,True,414.07
C102985,Xena,Zhang,2025-07-29,US-TX,google,False,False,False,212.3
C102986,Jude,Lopez,2025-07-20,US-FL,tiktok,True,False,False,266.09
C102987,Gus,Hunt,2025-04-01,US-NY,email-referral,False,False,False,318.04
C102988,Lena,Ito,2025-06-10,UK,podcast,True,False,False,505.21
C102989,Leo,Silva,2024-11-23,US-IL,instagram,False,True,False,132.97
C102990,Max,Ueda,2024-10-17,US-IL,instagram,True,False,False,217.85
C102991,Eli,Ellis,2025-06-11,DE,email-referral,True,False,True,348.93
C102992,Liam,Shah,2024-11-19,AU,organic,True,False,False,99.54
C102993,Theo,Costa,2025-05-05,UK,podcast,True,True,False,165.91
C102994,Enzo,Ortiz,2025-06-20,US-FL,podcast,True,False,False,162.87
C102995,Mara,Lund,2025-06-15,US-CA,email-referral,True,True,False,362.19
C102996,Vera,Gray,2025-09-07,CA,tiktok,True,False,False,117.49
C102997,Uma,Moreau,2024-07-09,US-CA,tiktok,True,True,False,198.85
C102998,Remy,Walsh,2025-11-19,DE,instagram,True,False,False,37.22
C102999,Jude,Shah,2025-04-12,US-NY,tiktok,True,False,True,298.67
C103000,Enzo,Yilmaz,2025-09-09,US-NY,podcast,True,False,False,133.92
C103001,Nadia,Patel,2026-02-25,US-CA,organic,True,False,True,452.07
C103002,Tara,Costa,2026-02-14,US-FL,podcast,True,False,False,229.24
C103003,Priya,Torres,2026-03-02,CA,tiktok,True,False,True,251.17
C103004,Diego,Hunt,2024-12-30,UK,tiktok,True,False,False,202.07
C103005,Ruby,Ward,2025-01-26,UK,organic,True,True,False,128.24
C103006,Finn,Ortiz,2024-04-12,UK,email-referral,True,False,False,100.19
C103007,Lucy,Jain,2024-08-13,AU,tiktok,True,True,True,178.15
C103008,Lila,Bauer,2026-03-21,AU,google,True,True,False,286.32
C103009,Jude,Young,2024-11-02,US-IL,organic,True,False,False,61.32
C103010,Marco,Novak,2026-03-03,US-WA,instagram,True,True,False,149.72
C103011,Finn,Ellis,2025-11-07,US-IL,tiktok,True,False,True,308.86
C103012,Quinn,Young,2024-11-19,UK,tiktok,True,False,True,160.52
C103013,Isla,Kim,2024-08-05,US-FL,google,True,False,False,270.58
C103014,Diego,Oduya,2024-07-13,FR,google,True,True,True,439.69
C103015,Remy,Jain,2026-02-10,US-WA,podcast,True,False,True,94.56
C103016,Zane,Weber,2025-07-01,CA,email-referral,True,False,True,258.95
C103017,Owen,Haas,2024-06-10,US-WA,email-referral,True,True,False,96.63
C103018,Lila,Novak,2024-08-28,US-IL,google,True,True,False,115.51
C103019,Sofia,Khan,2026-04-10,US-CA,organic,True,False,True,282.45
C103020,Diego,Ferro,2026-03-26,US-CA,google,True,True,True,500.53
C103021,Owen,Khan,2025-03-24,US-NY,google,False,True,False,218.66
C103022,Vera,Nash,2024-05-25,FR,email-referral,True,True,False,181.1
C103023,Max,Vance,2024-02-25,US-WA,podcast,True,True,True,111.48
C103024,Nora,Diaz,2026-03-19,US-CA,instagram,True,True,False,78.37
C103025,Lucy,Gray,2025-02-22,FR,podcast,True,True,True,808.46
C103026,Lucy,Vance,2025-09-05,US-WA,organic,False,True,False,153.63
C103027,Lena,Owens,2024-06-04,US-WA,podcast,True,True,True,892.11
C103028,Quinn,Owens,2026-06-13,CA,google,True,False,True,102.17
C103029,Otis,Lund,2025-06-10,US-CA,google,True,False,True,322.92
C103030,Elsa,Jain,2024-07-23,FR,instagram,False,True,False,323.42
C103031,Quinn,Ferro,2025-10-23,US-TX,tiktok,False,True,False,146.41
C103032,Theo,Ortiz,2024-08-04,US-WA,organic,True,False,False,103.31
C103033,Rina,Zhang,2025-09-25,DE,email-referral,True,True,False,273.91
C103034,Omar,Patel,2026-04-03,US-CA,instagram,True,True,False,178.68
C103035,Remy,Ortiz,2026-02-28,US-NY,instagram,True,False,True,345.99
C103036,Priya,Hunt,2026-03-27,AU,organic,True,True,True,353.4
C103037,Isla,Jain,2024-03-28,US-FL,email-referral,False,False,False,220.2
C103038,Beau,Ellis,2024-02-20,FR,instagram,False,False,False,122.57
C103039,Iris,Walsh,2025-04-10,US-NY,organic,True,True,False,130.23
C103040,Xena,Reyes,2025-06-13,AU,podcast,True,True,False,425.31
C103041,Rina,Park,2025-01-26,AU,instagram,True,False,False,38.3
C103042,Wes,Ueda,2026-03-04,AU,email-referral,True,True,True,208.37
C103043,Zane,Bauer,2026-04-09,US-FL,google,True,False,False,118.31
C103044,Milo,Iqbal,2025-09-06,UK,email-referral,True,False,False,139.73
C103045,Omar,Weber,2024-12-02,UK,email-referral,True,False,False,299.77
C103046,Amara,Ahmed,2024-11-06,US-NY,podcast,True,False,False,419.83
C103047,Marco,Rossi,2024-11-26,UK,organic,True,False,False,177.26
C103048,Quinn,Lund,2025-10-08,US-WA,organic,False,False,False,228.59
C103049,Mara,Young,2025-06-10,US-WA,organic,True,False,False,166.38
C103050,Priya,Berg,2024-09-05,FR,organic,True,False,False,368.59
C103051,Noah,Lund,2025-08-10,DE,podcast,False,False,False,162.41
C103052,Eli,Khan,2024-06-14,AU,podcast,True,False,False,177.0
C103053,Milo,Jain,2024-11-25,US-IL,tiktok,True,True,False,260.07
C103054,Ava,Ueda,2025-03-07,US-FL,tiktok,True,False,False,82.35
C103055,Nico,Ferro,2025-10-27,FR,organic,True,False,True,243.94
C103056,Nora,Tanaka,2025-10-14,US-IL,podcast,True,True,False,28.46
C103057,Aria,Berg,2025-06-14,DE,instagram,True,False,False,206.4
C103058,Xena,Hunt,2025-07-03,US-IL,podcast,True,True,False,267.91
C103059,Owen,Walsh,2024-02-23,DE,organic,True,False,False,171.48
C103060,Sage,Bauer,2025-12-14,US-NY,podcast,True,True,False,126.66
C103061,Nora,Kim,2024-09-10,US-TX,email-referral,True,True,True,175.48
C103062,Ivy,Iqbal,2025-03-14,UK,organic,False,False,False,48.37
C103063,Otis,Oduya,2024-08-13,US-NY,email-referral,True,True,True,373.39
C103064,Remy,Zola,2024-06-06,AU,google,True,True,True,411.31
C103065,Hana,Torres,2026-03-21,US-FL,tiktok,True,True,False,233.2
C103066,Amara,Zhang,2024-07-28,US-CA,organic,True,False,True,281.57
C103067,Jack,Ward,2025-08-06,CA,email-referral,True,True,True,185.92
C103068,Pia,Weber,2026-05-14,AU,google,True,False,True,570.7
C103069,Marco,Nash,2026-02-07,FR,instagram,True,False,False,255.46
C103070,Tess,Vance,2024-04-21,US-IL,email-referral,True,False,False,70.91
C103071,Priya,Ward,2025-12-03,US-FL,podcast,True,True,False,143.62
C103072,Cleo,Owens,2025-06-04,FR,instagram,True,False,False,90.36
C103073,Lila,Xu,2026-02-05,UK,podcast,False,True,False,481.38
C103074,Beau,Tanaka,2024-06-03,US-FL,podcast,False,True,False,138.6
C103075,Tara,Zola,2026-02-12,US-IL,organic,False,True,True,477.54
C103076,Liam,Owens,2026-01-19,US-TX,podcast,True,True,False,590.13
C103077,Tess,Zhang,2025-08-22,CA,instagram,True,False,False,69.06
C103078,Elsa,Walsh,2024-09-25,US-NY,podcast,True,False,False,175.89
C103079,Sage,Reyes,2026-01-22,AU,email-referral,True,True,True,436.93
C103080,Amara,Vance,2025-06-17,UK,google,True,False,False,41.37
C103081,Rosa,Owens,2025-10-06,US-TX,organic,True,False,True,376.43
C103082,Rosa,Park,2024-03-17,US-WA,google,True,True,False,57.23
C103083,Lila,Lund,2025-03-15,US-WA,organic,True,False,False,320.4
C103084,Nico,Novak,2024-06-01,UK,instagram,True,False,True,413.74
C103085,Beau,Zola,2025-10-22,US-WA,email-referral,True,True,False,201.25
C103086,Milo,Ward,2024-10-02,US-IL,email-referral,True,True,False,219.0
C103087,Noah,Moreau,2026-05-20,UK,google,True,False,False,298.59
C103088,Vera,Torres,2025-06-17,CA,instagram,True,False,False,145.57
C103089,Rosa,Ward,2024-06-23,DE,email-referral,False,True,True,285.12
C103090,Noah,Nash,2024-11-28,US-FL,organic,True,True,False,469.03
C103091,Tara,Lopez,2025-08-01,US-NY,email-referral,True,False,False,100.5
C103092,Jack,Yilmaz,2026-06-10,AU,podcast,True,False,False,229.92
C103093,Tara,Khan,2025-01-19,US-CA,organic,True,False,False,113.58
C103094,Drew,Young,2025-07-02,US-TX,podcast,True,True,False,35.58
C103095,Hana,Bauer,2025-03-03,UK,podcast,True,False,True,296.89
C103096,Ivy,Ellis,2024-12-14,US-IL,instagram,True,True,False,134.4
C103097,Jack,Quist,2025-05-11,US-WA,instagram,False,False,True,236.69
C103098,Ruby,Ferro,2025-06-23,DE,organic,True,False,True,385.19
C103099,Noah,Nash,2025-06-17,US-IL,email-referral,False,True,False,429.3
C103100,Beau,Lund,2025-09-29,US-TX,email-referral,False,False,False,176.75
C103101,Omar,Klein,2024-10-01,AU,organic,True,True,True,210.32
C103102,Leo,Rossi,2024-02-17,UK,email-referral,True,True,False,27.54
C103103,Marco,Zola,2026-06-06,US-WA,instagram,True,True,False,234.75
C103104,Ava,Ahmed,2026-04-25,UK,google,True,True,True,694.38
C103105,Nora,Weber,2024-04-20,US-TX,google,True,True,True,316.92
C103106,Jack,Novak,2024-07-12,US-WA,podcast,True,True,False,190.79
C103107,Ivy,Lopez,2024-03-07,US-TX,podcast,True,False,True,363.66
C103108,Wes,Xu,2024-09-17,UK,email-referral,True,False,True,432.76
C103109,Sofia,Vance,2025-07-25,US-TX,instagram,False,False,False,162.08
C103110,Priya,Nash,2026-06-13,US-IL,organic,True,True,False,345.72
C103111,Rina,Jain,2024-12-27,US-CA,instagram,True,True,False,126.89
C103112,Pavel,Park,2025-11-05,US-IL,organic,True,True,True,436.37
C103113,Otis,Ahmed,2025-10-15,UK,instagram,True,True,False,286.74
C103114,Jude,Xu,2024-12-25,AU,email-referral,True,False,True,235.25
C103115,Milo,Ueda,2024-02-20,AU,podcast,True,True,False,78.38
C103116,Finn,Oduya,2024-03-31,AU,organic,True,False,False,277.85
C103117,Zoe,Torres,2025-12-05,US-WA,organic,True,True,True,800.63
C103118,Enzo,Torres,2025-07-24,US-FL,google,True,True,True,140.88
C103119,Tara,Moreau,2026-02-01,CA,organic,True,True,True,206.78
C103120,Eli,Kim,2025-06-06,CA,instagram,True,False,True,393.43
C103121,Eli,Diaz,2026-03-03,CA,google,True,True,False,131.04
C103122,Kai,Nash,2025-05-09,CA,email-referral,True,False,False,52.89
C103123,Rosa,Kim,2026-02-03,UK,email-referral,True,False,False,260.08
C103124,Aria,Ferro,2024-09-11,US-TX,organic,True,False,False,402.6
C103125,Liam,Rossi,2026-06-06,AU,organic,False,False,False,421.93
C103126,Quinn,Chen,2024-04-01,US-NY,podcast,True,False,False,240.37
C103127,Lila,Tanaka,2024-10-02,FR,tiktok,False,False,False,36.85
C103128,Kira,Lopez,2025-06-20,US-TX,email-referral,True,True,True,310.87
C103129,Leo,Young,2024-03-25,US-NY,tiktok,True,False,False,95.09
C103130,Hana,Silva,2025-08-07,CA,instagram,False,False,False,151.78
C103131,Drew,Xu,2025-10-05,US-WA,organic,True,False,False,175.7
C103132,Cleo,Xu,2025-02-24,DE,email-referral,False,True,False,251.49
C103133,Kai,Khan,2026-04-06,FR,email-referral,True,False,False,203.66
C103134,Pia,Klein,2024-05-16,US-IL,tiktok,True,False,False,106.14
C103135,Sofia,Zola,2025-12-18,CA,tiktok,True,True,False,141.89
C103136,Ava,Park,2024-12-01,US-NY,email-referral,True,False,True,414.67
C103137,Rosa,Vance,2026-05-14,US-CA,organic,True,False,False,235.64
C103138,Iris,Gray,2025-05-19,CA,tiktok,True,False,False,328.78
C103139,Aria,Ward,2024-04-17,FR,tiktok,True,False,False,144.3
C103140,Cleo,Quist,2026-04-14,AU,tiktok,True,False,False,189.12
C103141,Tara,Vogel,2024-04-04,FR,podcast,True,False,False,485.51
C103142,Enzo,Moreau,2024-08-23,US-FL,podcast,True,False,False,93.82
C103143,Lila,Young,2026-06-01,FR,organic,True,False,False,239.69
C103144,Pia,Chen,2025-11-17,US-FL,email-referral,True,False,True,243.06
C103145,Lena,Walsh,2026-02-21,FR,email-referral,True,True,False,29.14
C103146,Sofia,Costa,2024-09-10,AU,instagram,True,True,False,499.45
C103147,Faye,Khan,2024-07-27,UK,organic,True,False,True,304.41
C103148,Eli,Chen,2025-05-09,UK,email-referral,True,False,False,267.7
C103149,Owen,Rossi,2024-10-03,CA,email-referral,True,True,False,231.22
C103150,Liam,Yilmaz,2025-12-26,US-IL,google,True,True,True,235.96
C103151,Yara,Ortiz,2025-12-26,US-WA,podcast,True,False,True,252.41
C103152,Gus,Costa,2025-10-10,DE,email-referral,True,False,False,122.26
C103153,Lila,Weber,2024-12-23,US-TX,podcast,True,False,False,484.48
C103154,Lila,Ahmed,2025-06-25,US-FL,podcast,True,True,True,145.95
C103155,Leo,Berg,2025-07-16,US-FL,instagram,True,True,True,236.1
C103156,Otis,Nash,2025-05-14,FR,tiktok,True,True,False,102.41
C103157,Iris,Berg,2026-03-05,DE,tiktok,True,False,False,249.08
C103158,Sage,Lopez,2024-09-04,US-IL,podcast,True,False,False,303.07
C103159,Sofia,Shah,2026-01-28,US-CA,google,True,True,True,188.17
C103160,Ruby,Haas,2024-03-12,US-IL,instagram,True,True,True,614.52
C103161,Owen,Mora,2025-08-16,CA,organic,True,True,False,372.8
C103162,Beau,Patel,2026-01-27,DE,instagram,True,True,False,30.11
C103163,Priya,Khan,2025-07-07,CA,email-referral,True,True,False,191.11
C103164,Hana,Khan,2026-02-12,US-TX,organic,True,True,False,138.16
C103165,Liam,Yilmaz,2025-07-30,US-CA,podcast,True,True,False,262.15
C103166,Vera,Quist,2024-11-07,DE,google,False,True,True,326.99
C103167,Wes,Rossi,2024-07-12,DE,organic,True,False,False,182.09
C103168,Tara,Ahmed,2025-03-06,US-NY,podcast,True,False,False,435.81
C103169,Pia,Vogel,2025-07-19,UK,instagram,True,False,False,85.11
C103170,Lucy,Khan,2025-07-13,FR,google,False,True,False,116.85
C103171,Enzo,Chen,2026-04-13,UK,instagram,True,False,False,260.36
C103172,Milo,Gray,2025-12-07,US-WA,tiktok,True,True,True,473.07
C103173,Leo,Diaz,2024-06-22,UK,email-referral,True,True,False,365.16
C103174,Leo,Haas,2024-06-16,FR,organic,True,True,True,59.63
C103175,Iris,Rossi,2024-12-24,AU,organic,True,True,False,208.83
C103176,Marco,Patel,2024-03-31,UK,google,False,True,False,102.87
C103177,Lila,Shah,2025-09-03,UK,organic,True,False,False,281.78
C103178,Drew,Gray,2025-08-14,US-WA,instagram,False,False,False,20.02
C103179,Ken,Zhang,2026-02-15,US-TX,podcast,True,False,False,58.72
C103180,Marco,Nash,2026-02-07,FR,podcast,True,False,False,109.94
C103181,Isla,Berg,2024-06-20,UK,instagram,True,False,False,217.76
C103182,Sofia,Shah,2025-10-23,US-IL,email-referral,True,False,True,250.13
C103183,Otis,Mora,2025-03-11,US-IL,podcast,True,True,False,121.85
C103184,Zane,Gray,2024-03-15,US-FL,tiktok,True,True,False,106.71
C103185,Leo,Yilmaz,2026-02-23,AU,organic,False,True,True,598.82
C103186,Jack,Lopez,2026-05-06,FR,podcast,True,True,True,348.48
C103187,Hana,Patel,2025-01-14,US-WA,instagram,True,False,False,60.48
C103188,Rosa,Klein,2024-04-06,US-WA,organic,True,False,False,262.03
C103189,Omar,Rossi,2025-02-10,DE,tiktok,True,False,False,37.55
C103190,Nico,Reyes,2025-12-02,US-NY,instagram,True,False,False,195.13
C103191,Eli,Ueda,2026-05-18,US-WA,instagram,True,True,True,405.65
C103192,Owen,Ellis,2025-04-23,US-NY,organic,True,True,False,386.96
C103193,Xena,Nash,2024-05-02,UK,instagram,True,True,False,203.67
C103194,Tara,Yilmaz,2025-04-30,AU,podcast,True,False,False,53.61
C103195,Zane,Novak,2025-12-22,US-CA,google,True,False,False,138.84
C103196,Diego,Moreau,2025-08-24,UK,organic,True,False,True,312.93
C103197,Leo,Mora,2024-06-20,FR,organic,True,False,False,73.91
C103198,Kira,Ortiz,2024-03-18,US-TX,tiktok,True,True,True,238.57
C103199,Ava,Novak,2024-08-24,US-WA,tiktok,True,True,False,276.0
C103200,Pia,Ward,2024-08-02,UK,instagram,True,True,True,228.98
C103201,Ivy,Zola,2024-09-25,US-WA,organic,True,True,False,182.35
C103202,Amara,Tanaka,2025-04-20,UK,google,True,False,True,332.06
C103203,Omar,Iqbal,2026-05-12,US-TX,instagram,True,False,False,56.61
C103204,Zane,Moreau,2025-03-14,AU,podcast,True,False,False,162.57
C103205,Rina,Haas,2024-04-17,UK,podcast,True,False,False,133.29
C103206,Finn,Xu,2025-12-01,US-NY,organic,True,True,False,234.79
C103207,Milo,Reyes,2025-01-19,US-TX,tiktok,True,True,False,331.07
C103208,Noah,Ortiz,2024-07-01,US-TX,podcast,True,False,False,43.29
C103209,Priya,Zhang,2025-11-29,DE,tiktok,True,False,True,230.7
C103210,Pia,Xu,2025-10-23,US-CA,podcast,True,False,False,167.74
C103211,Isla,Patel,2025-06-20,US-TX,google,True,False,False,150.81
C103212,Gus,Tanaka,2025-12-23,US-IL,google,True,True,True,336.82
C103213,Hana,Torres,2025-10-03,AU,organic,True,True,False,51.48
C103214,Jude,Rossi,2024-04-15,US-FL,instagram,False,True,False,54.0
C103215,Enzo,Chen,2024-10-29,US-TX,podcast,True,False,True,467.84
C103216,Quinn,Klein,2024-06-28,US-CA,organic,False,False,False,209.03
C103217,Isla,Lopez,2025-11-11,AU,tiktok,True,False,False,202.25
C103218,Nico,Park,2026-05-30,US-TX,instagram,True,False,False,29.29
C103219,Pavel,Khan,2024-06-20,FR,google,True,False,True,297.45
C103220,Finn,Ito,2024-07-10,US-FL,tiktok,False,False,False,213.24
C103221,Vera,Patel,2024-05-21,US-CA,email-referral,True,True,True,415.3
C103222,Mia,Owens,2025-05-07,DE,instagram,True,False,False,222.04
C103223,Pia,Kim,2025-12-05,AU,instagram,True,True,False,103.66
C103224,Kai,Ferro,2024-02-14,US-NY,instagram,True,False,True,420.18
C103225,Uma,Klein,2026-03-24,CA,podcast,True,True,True,143.66
C103226,Xena,Ferro,2025-09-12,US-TX,instagram,True,True,True,439.98
C103227,Diego,Kim,2024-09-26,UK,podcast,True,False,True,548.91
C103228,Amara,Vogel,2024-06-26,US-IL,tiktok,True,False,False,55.88
C103229,Lila,Yilmaz,2024-07-18,CA,email-referral,True,False,False,207.36
C103230,Kai,Walsh,2025-04-26,CA,email-referral,True,False,True,176.21
C103231,Jude,Quist,2024-11-17,AU,tiktok,True,False,False,332.26
C103232,Lucy,Iqbal,2026-03-06,US-IL,podcast,True,False,False,235.28
C103233,Nico,Vance,2025-03-05,US-WA,podcast,True,False,True,329.06
C103234,Aria,Lund,2025-03-07,UK,podcast,True,False,True,1009.75
C103235,Xena,Nash,2024-10-08,FR,tiktok,True,True,False,125.78
C103236,Aria,Ellis,2025-10-10,US-NY,email-referral,True,True,False,155.29
C103237,Lucy,Reyes,2024-09-30,FR,email-referral,True,True,False,51.62
C103238,Ivy,Bauer,2025-12-23,DE,podcast,True,False,False,87.81
C103239,Lila,Torres,2024-11-14,DE,podcast,True,True,True,222.01
C103240,Marco,Quist,2025-03-11,US-WA,tiktok,True,False,False,212.09
C103241,Quinn,Vance,2025-01-09,US-NY,google,True,False,False,225.74
C103242,Mara,Silva,2024-12-03,DE,tiktok,True,True,True,452.08
C103243,Tess,Shah,2025-12-23,US-NY,email-referral,False,True,False,68.22
C103244,Quinn,Owens,2024-05-27,UK,instagram,True,False,True,274.45
C103245,Jude,Ellis,2025-10-22,CA,tiktok,True,False,True,384.98
C103246,Max,Khan,2024-09-12,US-IL,google,True,False,True,141.17
C103247,Cleo,Zola,2024-04-17,CA,podcast,True,False,True,187.93
C103248,Leo,Silva,2025-08-08,DE,instagram,True,True,True,446.14
C103249,Zoe,Diaz,2026-04-06,AU,instagram,True,True,False,129.65
C103250,Diego,Gray,2025-07-11,UK,google,False,False,True,843.0
C103251,Diego,Klein,2024-12-11,US-TX,google,True,False,True,433.83
C103252,Pavel,Novak,2024-05-24,US-TX,organic,True,False,True,457.28
C103253,Jack,Weber,2025-03-15,US-FL,instagram,True,True,False,113.08
C103254,Ken,Vogel,2026-05-05,DE,google,True,False,False,312.5
C103255,Zane,Oduya,2024-05-23,US-IL,organic,False,True,False,245.54
C103256,Nadia,Costa,2026-05-12,DE,google,True,False,False,56.84
C103257,Zoe,Weber,2026-03-24,US-IL,google,True,False,False,174.04
C103258,Finn,Bauer,2025-05-25,UK,tiktok,False,True,False,268.29
C103259,Ava,Hunt,2024-10-18,DE,podcast,True,True,False,212.63
C103260,Diego,Yilmaz,2025-01-05,FR,email-referral,True,True,False,31.53
C103261,Remy,Ito,2024-02-16,US-TX,podcast,True,True,True,457.32
C103262,Lena,Shah,2024-11-04,US-WA,email-referral,True,False,True,275.4
C103263,Iris,Berg,2026-05-10,DE,instagram,True,False,True,251.57
C103264,Cleo,Xu,2025-11-04,US-IL,organic,False,True,False,93.48
C103265,Noah,Walsh,2025-12-01,US-NY,podcast,True,False,False,173.69
C103266,Marco,Ward,2024-07-24,US-CA,instagram,True,False,False,99.04
C103267,Yara,Ellis,2024-04-24,US-WA,instagram,True,False,False,121.74
C103268,Milo,Diaz,2024-11-17,US-NY,organic,True,False,False,192.4
C103269,Amara,Yilmaz,2025-03-04,US-IL,instagram,False,False,True,95.08
C103270,Eli,Ferro,2026-06-03,US-FL,organic,True,False,True,143.43
C103271,Zoe,Zhang,2024-12-22,US-WA,podcast,True,False,True,480.91
C103272,Cleo,Jain,2025-10-25,US-CA,google,True,False,False,85.89
C103273,Tess,Kim,2024-08-27,US-WA,instagram,True,True,False,150.35
C103274,Sofia,Hunt,2024-08-30,US-FL,podcast,True,False,False,75.06
C103275,Omar,Khan,2026-05-13,US-FL,email-referral,True,True,False,182.9
C103276,Finn,Ellis,2026-04-10,US-FL,google,True,False,False,42.36
C103277,Omar,Yilmaz,2026-03-25,CA,tiktok,False,False,False,130.14
C103278,Ivy,Ferro,2025-06-03,FR,tiktok,True,True,False,164.43
C103279,Omar,Zhang,2025-11-09,CA,google,True,False,True,433.57
C103280,Kai,Young,2025-09-22,CA,google,True,False,True,329.53
C103281,Milo,Walsh,2026-05-16,US-NY,tiktok,True,False,False,27.0
C103282,Tess,Silva,2025-09-06,US-CA,podcast,True,False,True,224.51
C103283,Pia,Chen,2026-04-21,AU,instagram,True,True,True,588.68
C103284,Enzo,Iqbal,2026-03-22,US-TX,organic,True,False,False,304.6
C103285,Aria,Ferro,2025-12-03,AU,tiktok,True,False,True,173.45
C103286,Aria,Khan,2025-09-13,US-WA,podcast,True,False,False,243.42
C103287,Enzo,Vance,2024-04-07,AU,email-referral,True,False,True,516.48
C103288,Wes,Gray,2024-06-08,AU,email-referral,False,False,True,285.06
C103289,Mia,Khan,2024-06-18,AU,email-referral,True,False,True,267.51
C103290,Noah,Costa,2024-03-01,US-CA,email-referral,True,True,False,164.18
C103291,Uma,Bauer,2024-05-23,UK,organic,True,False,False,389.38
C103292,Jude,Novak,2026-05-07,US-IL,google,True,False,False,388.3
C103293,Tara,Quist,2024-10-03,US-NY,podcast,True,False,True,637.22
C103294,Lucy,Hunt,2026-03-10,US-TX,email-referral,True,True,True,348.17
C103295,Diego,Diaz,2025-01-13,DE,instagram,True,False,False,105.03
C103296,Liam,Oduya,2025-09-12,FR,instagram,True,False,True,383.64
C103297,Beau,Owens,2024-11-12,US-WA,podcast,True,False,True,377.88
C103298,Leo,Ito,2024-05-21,DE,instagram,False,True,True,291.27
C103299,Gus,Yilmaz,2024-02-21,UK,tiktok,True,False,False,89.1
C103300,Marco,Shah,2024-07-08,UK,tiktok,True,False,False,96.34
C103301,Isla,Owens,2024-06-23,AU,email-referral,True,True,False,285.37
C103302,Lila,Diaz,2024-10-22,FR,instagram,True,True,True,166.15
C103303,Jack,Tanaka,2025-07-05,UK,organic,True,False,True,107.97
C103304,Nico,Zhang,2025-01-21,US-NY,google,True,False,False,305.19
C103305,Wes,Hunt,2026-03-22,UK,podcast,True,True,False,168.33
C103306,Pavel,Ahmed,2025-09-12,AU,instagram,True,False,False,288.93
C103307,Lucy,Ortiz,2026-04-08,US-CA,organic,False,True,False,338.07
C103308,Vera,Zhang,2025-04-04,US-TX,organic,True,True,False,422.48
C103309,Otis,Rossi,2024-02-14,CA,email-referral,False,True,False,197.28
C103310,Eli,Ortiz,2024-10-08,US-FL,organic,True,True,False,167.58
C103311,Pavel,Lund,2025-03-07,US-TX,tiktok,True,False,False,163.96
C103312,Noah,Diaz,2024-08-04,US-IL,instagram,True,True,False,283.81
C103313,Wes,Patel,2025-03-16,US-TX,podcast,True,False,False,279.98
C103314,Theo,Gray,2025-01-12,AU,tiktok,True,False,False,449.94
C103315,Isla,Ueda,2024-04-26,US-WA,tiktok,True,False,False,261.24
C103316,Leo,Zhang,2025-03-10,FR,podcast,True,False,False,95.68
C103317,Omar,Ahmed,2024-02-29,FR,instagram,True,False,False,55.61
C103318,Zoe,Moreau,2024-02-22,US-IL,email-referral,True,False,False,241.85
C103319,Mia,Zhang,2025-11-22,US-WA,tiktok,True,True,False,88.49
C103320,Zoe,Zhang,2026-04-19,US-CA,instagram,True,True,False,95.81
C103321,Zane,Gray,2025-08-16,DE,email-referral,True,True,True,278.44
C103322,Omar,Xu,2024-02-20,US-TX,google,True,True,False,51.04
C103323,Yara,Zhang,2026-03-26,AU,podcast,True,False,False,184.78
C103324,Ivy,Ito,2025-01-06,US-CA,tiktok,True,False,False,211.34
C103325,Tess,Novak,2024-03-01,AU,email-referral,True,True,False,213.53
C103326,Ken,Kim,2026-06-07,CA,podcast,False,True,True,277.16
C103327,Ivy,Owens,2024-12-30,US-NY,organic,False,False,False,400.69
C103328,Ivy,Zhang,2025-08-27,UK,tiktok,True,False,False,136.92
C103329,Iris,Ward,2024-04-20,DE,google,True,False,False,595.45
C103330,Tara,Ortiz,2024-08-28,US-FL,google,True,True,True,399.48
C103331,Ruby,Ortiz,2025-01-14,DE,organic,True,False,True,280.74
C103332,Mia,Diaz,2025-09-23,US-TX,google,True,False,True,384.73
C103333,Diego,Weber,2025-08-11,US-IL,google,True,False,True,570.77
C103334,Lena,Nash,2025-10-03,DE,organic,True,False,True,324.39
C103335,Mia,Ito,2026-02-22,US-FL,tiktok,True,False,False,196.8
C103336,Ruby,Hunt,2026-01-26,UK,tiktok,True,False,False,28.62
C103337,Lila,Ortiz,2024-04-17,FR,podcast,True,True,False,313.33
C103338,Faye,Silva,2025-06-27,US-IL,email-referral,True,False,False,125.19
C103339,Zane,Silva,2024-11-20,DE,instagram,True,True,False,247.71
C103340,Nora,Iqbal,2026-03-10,US-TX,instagram,False,False,False,32.66
C103341,Gus,Yilmaz,2024-12-18,US-WA,tiktok,True,False,False,110.15
C103342,Milo,Jain,2025-10-04,UK,instagram,True,False,False,218.38
C103343,Mara,Zhang,2025-04-23,FR,google,False,False,False,63.97
C103344,Mia,Ferro,2024-06-14,FR,podcast,False,False,True,230.0
C103345,Kai,Berg,2025-03-08,US-IL,instagram,True,False,True,314.73
C103346,Aria,Kim,2024-06-08,AU,podcast,True,True,False,271.63
C103347,Nadia,Klein,2024-08-29,US-IL,instagram,True,False,False,220.04
C103348,Pia,Khan,2025-04-29,AU,tiktok,True,True,True,464.36
C103349,Eli,Moreau,2025-11-25,FR,email-referral,False,False,True,432.35
C103350,Otis,Ito,2024-09-10,US-NY,instagram,True,False,False,19.08
C103351,Marco,Haas,2024-06-27,US-TX,podcast,True,False,False,368.3
C103352,Pia,Ellis,2024-11-07,US-CA,organic,True,False,True,173.68
C103353,Elsa,Reyes,2025-11-19,DE,instagram,False,True,True,331.18
C103354,Ivy,Ahmed,2024-07-25,US-NY,email-referral,True,True,False,252.41
C103355,Drew,Bauer,2024-11-22,AU,podcast,True,False,True,199.04
C103356,Diego,Chen,2024-08-12,AU,podcast,True,False,False,131.47
C103357,Nico,Jain,2026-02-26,US-IL,tiktok,True,True,False,219.59
C103358,Nico,Ahmed,2024-10-19,US-FL,google,True,True,True,334.85
C103359,Mara,Ortiz,2026-03-11,AU,email-referral,True,False,False,47.52
C103360,Amara,Berg,2024-09-10,US-WA,podcast,False,False,True,397.54
C103361,Kai,Hunt,2025-03-07,US-NY,email-referral,True,False,False,70.49
C103362,Uma,Lopez,2025-02-11,DE,podcast,True,True,False,103.63
C103363,Zoe,Kim,2024-04-21,DE,email-referral,True,True,False,394.3
C103364,Uma,Kim,2025-11-07,FR,podcast,True,True,True,338.3
C103365,Noah,Young,2025-10-16,AU,google,True,True,False,320.72
C103366,Owen,Vance,2024-03-06,CA,google,False,False,False,56.59
C103367,Uma,Berg,2025-01-28,AU,tiktok,False,False,False,275.84
C103368,Iris,Quist,2024-02-25,US-FL,podcast,True,True,True,360.02
C103369,Pavel,Torres,2025-07-19,DE,podcast,True,False,False,132.22
C103370,Omar,Walsh,2024-10-14,UK,instagram,True,False,True,447.66
C103371,Diego,Walsh,2024-03-25,AU,podcast,False,False,False,371.91
C103372,Lena,Klein,2024-05-31,US-NY,instagram,True,False,False,187.71
C103373,Zane,Novak,2025-08-05,UK,instagram,True,False,False,124.13
C103374,Lena,Gray,2025-09-04,US-FL,podcast,True,False,False,261.78
C103375,Iris,Haas,2025-02-15,CA,google,False,True,True,467.81
C103376,Priya,Kim,2025-06-24,US-NY,organic,True,False,False,249.96
C103377,Nico,Yilmaz,2024-03-15,CA,organic,True,False,False,105.27
C103378,Amara,Yilmaz,2025-08-28,US-NY,email-referral,True,True,True,443.75
C103379,Priya,Ortiz,2025-04-29,UK,google,True,False,True,251.61
C103380,Mara,Weber,2026-05-10,US-NY,podcast,True,False,False,199.3
C103381,Beau,Young,2024-08-09,FR,tiktok,True,False,False,24.14
C103382,Remy,Walsh,2025-08-19,DE,instagram,False,False,False,275.69
C103383,Hana,Oduya,2025-10-04,US-WA,tiktok,True,True,True,379.74
C103384,Rosa,Xu,2025-05-22,AU,organic,True,False,False,214.76
C103385,Tess,Ortiz,2025-11-14,UK,tiktok,True,False,True,278.27
C103386,Lila,Rossi,2025-11-01,US-CA,email-referral,True,False,True,163.44
C103387,Isla,Berg,2024-03-24,US-IL,instagram,True,False,False,315.14
C103388,Aria,Ferro,2025-07-28,US-IL,podcast,True,False,False,246.23
C103389,Eli,Shah,2024-12-26,AU,instagram,True,False,True,264.88
C103390,Yara,Vance,2024-08-17,US-CA,google,True,True,True,201.7
C103391,Owen,Ueda,2025-12-20,US-WA,tiktok,True,False,False,294.14
C103392,Remy,Moreau,2025-10-01,US-CA,instagram,True,False,True,424.3
C103393,Ruby,Bauer,2024-10-09,DE,podcast,True,True,False,361.48
C103394,Sofia,Young,2025-12-10,US-CA,instagram,True,True,True,740.13
C103395,Nina,Vogel,2024-11-12,US-CA,email-referral,True,False,False,231.07
C103396,Kira,Patel,2024-02-28,US-NY,podcast,True,False,True,268.64
C103397,Drew,Park,2026-01-25,UK,tiktok,True,True,False,75.67
C103398,Yara,Tanaka,2025-04-01,DE,email-referral,False,False,True,309.75
C103399,Drew,Oduya,2025-03-19,US-WA,organic,True,True,False,44.07
C103400,Drew,Ahmed,2024-09-16,US-IL,email-referral,False,False,False,147.44
C103401,Isla,Vance,2024-11-20,US-TX,instagram,True,False,True,406.15
C103402,Uma,Jain,2024-02-18,US-NY,google,True,False,True,101.82
C103403,Enzo,Owens,2024-07-24,AU,podcast,True,True,False,182.97
C103404,Lena,Khan,2026-05-12,FR,google,True,True,True,201.77
C103405,Rosa,Silva,2024-05-10,FR,google,False,True,False,179.36
C103406,Yara,Berg,2026-01-11,US-WA,organic,True,False,False,164.94
C103407,Nina,Vogel,2025-08-13,UK,tiktok,True,False,True,468.02
C103408,Marco,Young,2025-11-15,US-TX,podcast,True,False,False,89.12
C103409,Leo,Zola,2025-12-21,CA,podcast,True,True,False,347.69
C103410,Jack,Moreau,2026-05-29,US-TX,email-referral,False,False,False,457.5
C103411,Beau,Nash,2024-03-07,US-FL,instagram,True,False,False,120.55
C103412,Ava,Quist,2024-04-01,US-WA,google,True,True,True,480.9
C103413,Theo,Ahmed,2024-04-15,US-IL,instagram,True,False,False,85.92
C103414,Marco,Zhang,2025-08-25,UK,email-referral,True,True,False,23.24
C103415,Kira,Rossi,2024-08-31,FR,tiktok,True,True,False,177.15
C103416,Milo,Zhang,2025-07-19,FR,podcast,False,True,False,94.16
C103417,Sofia,Yilmaz,2026-03-04,UK,email-referral,False,False,False,168.21
C103418,Sage,Reyes,2024-06-05,AU,tiktok,False,False,False,173.87
C103419,Jack,Costa,2025-04-09,US-NY,google,True,False,True,458.11
C103420,Jack,Yilmaz,2025-07-31,AU,tiktok,False,False,False,133.05
C103421,Enzo,Klein,2026-02-25,CA,organic,True,False,False,178.48
C103422,Nina,Gray,2026-04-01,AU,podcast,True,True,False,283.64
C103423,Otis,Khan,2025-02-03,CA,google,True,False,True,521.43
C103424,Kai,Moreau,2026-01-21,US-TX,instagram,False,False,True,318.51
C103425,Lucy,Reyes,2024-02-23,AU,google,True,True,False,214.48
C103426,Otis,Chen,2024-11-06,AU,organic,False,True,False,165.23
C103427,Otis,Vance,2025-12-30,DE,google,True,True,False,366.36
C103428,Max,Patel,2025-11-20,UK,instagram,True,False,True,197.31
C103429,Xena,Ahmed,2024-02-29,US-FL,organic,True,False,True,274.9
C103430,Rosa,Diaz,2024-10-07,US-FL,google,True,True,False,298.98
C103431,Quinn,Ferro,2024-06-14,US-IL,podcast,True,True,False,227.72
C103432,Remy,Nash,2025-02-20,US-IL,instagram,True,False,False,59.99
C103433,Noah,Nash,2025-07-24,US-NY,instagram,True,False,False,41.83
C103434,Milo,Moreau,2025-01-16,AU,email-referral,True,False,True,384.06
C103435,Marco,Novak,2025-11-21,CA,instagram,True,False,False,42.76
C103436,Drew,Lopez,2025-09-15,US-CA,podcast,True,False,False,343.02
C103437,Milo,Reyes,2024-03-18,AU,email-referral,True,False,False,134.18
C103438,Rina,Patel,2025-12-03,DE,email-referral,True,False,True,680.74
C103439,Jack,Zhang,2026-03-17,US-IL,tiktok,True,False,False,101.49
C103440,Iris,Moreau,2024-10-11,FR,podcast,True,False,False,375.12
C103441,Nico,Walsh,2025-07-02,US-TX,podcast,True,False,True,365.7
C103442,Priya,Reyes,2026-01-24,US-WA,google,True,True,False,111.16
C103443,Iris,Oduya,2024-10-29,US-NY,google,False,False,False,179.59
C103444,Eli,Lopez,2025-12-21,UK,google,True,False,True,481.52
C103445,Xena,Ueda,2024-11-14,US-NY,google,True,True,True,145.34
C103446,Iris,Reyes,2025-10-26,CA,instagram,True,True,True,327.4
C103447,Sofia,Lopez,2024-07-06,US-FL,podcast,False,False,False,46.04
C103448,Milo,Yilmaz,2024-04-12,US-CA,google,True,True,True,253.12
C103449,Remy,Rossi,2025-01-09,FR,email-referral,True,False,True,278.3
C103450,Zoe,Ferro,2025-07-21,AU,podcast,True,True,False,115.25
C103451,Marco,Xu,2025-05-27,AU,organic,True,True,False,143.63
C103452,Ken,Young,2025-08-06,CA,podcast,True,True,False,196.6
C103453,Lena,Xu,2025-05-07,US-NY,podcast,False,False,False,217.16
C103454,Iris,Zhang,2026-05-26,US-IL,google,True,False,False,192.67
C103455,Ava,Moreau,2025-08-10,UK,email-referral,True,False,True,410.62
C103456,Rosa,Iqbal,2024-04-30,US-FL,podcast,True,True,True,287.84
C103457,Sofia,Ward,2025-12-18,US-TX,organic,True,False,False,275.25
C103458,Xena,Vogel,2026-03-23,US-FL,email-referral,True,False,True,204.01
C103459,Max,Chen,2024-09-09,CA,email-referral,True,True,False,188.16
C103460,Ruby,Lopez,2024-02-23,US-IL,organic,False,True,False,263.75
C103461,Lucy,Diaz,2026-04-10,US-CA,organic,True,True,False,275.78
C103462,Mara,Reyes,2024-05-09,US-FL,podcast,False,False,False,191.56
C103463,Ivy,Moreau,2024-04-01,UK,email-referral,False,False,False,46.35
C103464,Isla,Nash,2025-04-08,CA,organic,True,True,False,399.41
C103465,Drew,Berg,2024-09-17,US-WA,organic,True,False,False,231.16
C103466,Rina,Quist,2026-05-13,US-NY,instagram,True,True,False,172.15
C103467,Uma,Vogel,2024-04-25,US-TX,google,True,True,False,109.98
C103468,Omar,Gray,2026-02-19,CA,instagram,True,False,False,364.02
C103469,Liam,Weber,2024-09-07,CA,instagram,True,True,False,55.76
C103470,Kai,Quist,2024-07-02,US-IL,podcast,False,False,True,763.62
C103471,Ava,Novak,2026-05-10,FR,podcast,True,False,False,67.54
C103472,Nina,Costa,2024-02-14,DE,instagram,True,True,False,626.46
C103473,Eli,Park,2025-12-09,AU,google,True,False,True,206.58
C103474,Marco,Bauer,2024-12-21,AU,instagram,True,True,False,409.35
C103475,Max,Reyes,2025-07-19,CA,email-referral,True,True,True,531.42
C103476,Diego,Tanaka,2024-10-27,US-IL,podcast,True,True,False,103.64
C103477,Marco,Park,2026-05-22,US-IL,email-referral,True,True,True,297.03
C103478,Ken,Vogel,2024-11-21,US-WA,google,True,True,True,221.82
C103479,Beau,Lund,2025-01-30,CA,google,True,True,False,116.82
C103480,Vera,Kim,2025-02-24,UK,organic,True,False,True,390.45
C103481,Zoe,Haas,2025-03-07,US-WA,email-referral,True,True,True,533.39
C103482,Ava,Tanaka,2025-09-27,FR,organic,True,True,True,204.11
C103483,Vera,Nash,2025-04-13,US-CA,instagram,True,False,False,94.68
C103484,Pavel,Nash,2025-04-03,US-NY,podcast,False,True,False,175.54
C103485,Ruby,Tanaka,2025-12-23,US-IL,google,False,False,True,325.63
C103486,Tess,Park,2026-03-10,CA,podcast,True,True,False,351.45
C103487,Omar,Moreau,2024-12-24,AU,organic,False,True,False,98.94
C103488,Omar,Moreau,2024-03-27,FR,email-referral,True,False,False,212.31
C103489,Milo,Haas,2025-11-20,AU,google,False,False,False,201.3
C103490,Tara,Berg,2024-03-11,DE,google,False,True,False,210.73
C103491,Omar,Yilmaz,2026-02-14,US-IL,google,True,False,False,186.6
C103492,Aria,Chen,2025-06-24,US-CA,instagram,True,False,False,263.23
C103493,Isla,Xu,2024-09-12,US-IL,organic,True,False,True,367.19
C103494,Pia,Ward,2025-12-26,US-CA,podcast,True,False,False,178.79
C103495,Owen,Mora,2024-05-02,DE,instagram,True,False,False,260.97
C103496,Xena,Bauer,2025-09-08,AU,tiktok,True,False,True,224.2
C103497,Tess,Berg,2024-07-09,US-WA,email-referral,True,False,True,394.35
C103498,Uma,Gray,2025-12-30,FR,google,True,True,True,446.85
C103499,Rina,Torres,2024-10-25,UK,email-referral,True,False,False,425.03
C103500,Max,Klein,2025-04-23,US-IL,instagram,True,False,False,199.11
C103501,Pia,Chen,2025-02-24,US-CA,email-referral,True,False,True,589.28
C103502,Xena,Weber,2025-05-11,US-FL,organic,True,False,False,198.3
C103503,Lila,Kim,2026-02-24,US-WA,google,True,True,False,63.13
C103504,Zoe,Ahmed,2025-06-30,FR,podcast,True,True,False,387.01
C103505,Kai,Gray,2024-07-18,CA,google,True,False,False,188.85
C103506,Priya,Reyes,2025-05-31,FR,google,False,True,False,18.12
C103507,Gus,Nash,2025-07-04,US-TX,instagram,True,True,True,81.71
C103508,Nina,Gray,2024-03-19,US-FL,tiktok,True,False,False,229.54
C103509,Ava,Nash,2024-10-30,CA,email-referral,True,False,False,440.41
C103510,Theo,Owens,2025-08-29,US-CA,google,True,True,True,234.11
C103511,Gus,Mora,2024-09-11,US-FL,email-referral,True,False,False,24.45
C103512,Zane,Nash,2024-11-14,DE,podcast,True,False,True,246.62
C103513,Quinn,Zhang,2024-04-13,UK,instagram,True,True,False,58.49
C103514,Sofia,Khan,2024-07-11,US-IL,podcast,False,False,False,104.91
C103515,Amara,Young,2024-11-27,US-FL,email-referral,False,False,False,332.2
C103516,Yara,Moreau,2024-08-26,US-IL,email-referral,True,True,True,541.73
C103517,Jude,Kim,2025-10-01,US-CA,email-referral,True,False,False,390.78
C103518,Otis,Chen,2025-10-30,AU,instagram,True,False,False,426.49
C103519,Sage,Ferro,2026-01-16,DE,google,True,False,False,184.79
C103520,Quinn,Ellis,2025-01-26,DE,tiktok,True,False,True,581.53
C103521,Max,Zola,2025-02-13,US-NY,email-referral,True,False,True,246.47
C103522,Owen,Reyes,2025-11-18,AU,email-referral,False,False,True,330.12
C103523,Yara,Chen,2025-10-17,US-WA,organic,True,False,False,131.69
C103524,Lila,Nash,2026-03-10,US-TX,instagram,True,False,False,441.3
C103525,Drew,Klein,2025-12-06,DE,organic,False,True,False,99.96
C103526,Leo,Shah,2026-04-09,AU,email-referral,True,False,False,642.72
C103527,Ken,Ortiz,2026-02-20,US-IL,tiktok,False,False,True,874.56
C103528,Owen,Reyes,2024-10-09,AU,email-referral,True,False,False,55.45
C103529,Noah,Reyes,2025-10-04,CA,email-referral,True,False,True,318.37
C103530,Kira,Reyes,2024-05-12,US-NY,instagram,True,False,True,193.62
C103531,Zoe,Vance,2025-06-23,CA,instagram,True,True,False,267.49
C103532,Drew,Ferro,2024-07-26,AU,organic,True,True,False,138.2
C103533,Lila,Mora,2024-06-14,US-WA,tiktok,True,False,True,271.93
C103534,Cleo,Tanaka,2025-11-14,AU,email-referral,True,False,False,671.97
C103535,Pavel,Rossi,2026-03-21,FR,organic,False,False,False,221.96
C103536,Priya,Owens,2026-03-15,US-WA,organic,True,False,True,158.9
C103537,Enzo,Ahmed,2025-04-27,DE,organic,True,True,False,94.6
C103538,Leo,Lund,2024-12-04,US-NY,organic,True,True,True,208.54
C103539,Enzo,Young,2025-07-15,US-CA,podcast,True,False,True,159.29
C103540,Hana,Ellis,2025-04-25,US-WA,email-referral,True,False,False,380.05
C103541,Sage,Oduya,2024-12-23,US-NY,google,True,True,True,440.81
C103542,Ivy,Haas,2025-06-30,FR,google,True,False,False,290.39
C103543,Finn,Gray,2025-01-07,US-NY,podcast,True,False,False,123.72
C103544,Ruby,Hunt,2024-03-21,US-TX,google,True,False,False,132.76
C103545,Rosa,Kim,2026-06-02,CA,organic,True,True,True,407.84
C103546,Mara,Klein,2024-08-15,FR,tiktok,True,False,False,228.88
C103547,Leo,Walsh,2026-05-22,DE,google,False,False,False,391.4
C103548,Theo,Shah,2024-05-23,US-NY,email-referral,True,False,False,175.5
C103549,Pia,Xu,2025-12-29,FR,instagram,True,False,True,478.51
C103550,Sofia,Young,2024-02-19,US-CA,organic,True,False,True,307.23
C103551,Wes,Diaz,2024-07-19,US-FL,tiktok,True,False,True,340.69
C103552,Tara,Vance,2025-04-25,US-FL,tiktok,False,True,False,231.84
C103553,Nico,Haas,2025-01-05,US-CA,tiktok,True,True,False,510.36
C103554,Nadia,Reyes,2024-09-07,US-NY,podcast,True,False,False,447.89
C103555,Mia,Yilmaz,2025-06-08,CA,organic,True,False,False,195.33
C103556,Uma,Quist,2024-02-13,US-IL,google,True,False,True,237.84
C103557,Ruby,Nash,2025-11-30,US-CA,email-referral,True,True,True,402.95
C103558,Zoe,Xu,2026-03-09,CA,email-referral,False,False,True,528.55
C103559,Jack,Klein,2025-02-08,US-IL,organic,False,True,False,331.6
C103560,Gus,Tanaka,2025-08-18,AU,google,True,True,False,59.63
C103561,Marco,Oduya,2024-02-22,FR,tiktok,True,False,False,56.38
C103562,Diego,Vance,2024-06-26,US-CA,tiktok,True,False,True,242.1
C103563,Max,Khan,2025-11-10,DE,organic,True,True,True,530.19
C103564,Lena,Jain,2026-01-18,US-IL,organic,False,False,False,389.53
C103565,Priya,Tanaka,2024-03-27,UK,organic,True,False,True,361.89
C103566,Ivy,Vance,2024-02-25,US-CA,google,True,True,True,310.17
C103567,Milo,Torres,2025-03-13,US-NY,podcast,False,False,False,148.94
C103568,Rosa,Rossi,2026-03-27,US-TX,tiktok,True,True,False,490.37
C103569,Ivy,Vance,2026-04-30,UK,google,True,False,False,42.85
C103570,Nadia,Novak,2025-09-12,FR,organic,False,True,True,376.86
C103571,Pavel,Ueda,2024-07-10,US-TX,google,True,True,False,245.35
C103572,Zane,Jain,2024-06-25,DE,email-referral,True,False,False,138.51
C103573,Faye,Patel,2024-11-17,US-WA,instagram,True,True,True,881.87
C103574,Faye,Weber,2024-08-23,US-WA,email-referral,True,True,True,358.72
C103575,Uma,Walsh,2025-10-15,US-TX,podcast,True,True,False,287.66
C103576,Faye,Novak,2024-03-12,UK,email-referral,True,False,False,82.24
C103577,Omar,Silva,2026-02-25,CA,organic,True,True,False,109.18
C103578,Theo,Vance,2025-11-20,US-FL,tiktok,True,False,True,326.89
C103579,Pavel,Yilmaz,2025-12-13,DE,google,False,True,False,109.93
C103580,Pavel,Bauer,2026-03-29,FR,instagram,True,False,True,403.77
C103581,Zane,Yilmaz,2026-01-30,FR,podcast,True,True,True,135.42
C103582,Hana,Ellis,2025-10-29,DE,tiktok,True,True,False,189.63
C103583,Lena,Lopez,2024-11-02,DE,organic,True,False,True,295.1
C103584,Sage,Berg,2026-04-22,US-TX,organic,True,True,True,704.97
C103585,Mara,Zhang,2024-05-08,US-CA,organic,True,False,False,284.17
C103586,Diego,Tanaka,2024-12-16,DE,instagram,True,True,False,83.64
C103587,Otis,Jain,2025-04-20,CA,tiktok,True,False,False,367.07
C103588,Priya,Ueda,2025-01-29,UK,google,False,False,False,147.51
C103589,Jude,Walsh,2025-04-17,US-NY,instagram,False,True,True,411.59
C103590,Nadia,Iqbal,2025-05-07,US-WA,instagram,False,False,True,550.74
C103591,Enzo,Chen,2024-12-21,US-WA,podcast,True,False,False,216.04
C103592,Nadia,Mora,2026-06-11,US-WA,instagram,True,False,True,208.57
C103593,Leo,Costa,2024-09-04,US-FL,email-referral,True,True,False,138.31
C103594,Cleo,Ellis,2025-01-20,US-WA,organic,True,True,False,66.34
C103595,Gus,Xu,2025-01-21,US-CA,podcast,True,True,False,155.86
C103596,Hana,Costa,2025-09-14,DE,email-referral,True,False,False,238.86
C103597,Diego,Shah,2024-11-06,UK,instagram,True,True,False,201.12
C103598,Kira,Haas,2024-05-07,CA,tiktok,True,False,False,349.14
C103599,Nora,Lopez,2024-07-31,US-CA,email-referral,True,True,False,42.16
C103600,Diego,Ito,2026-05-23,UK,tiktok,True,True,False,429.37
C103601,Lila,Zhang,2026-01-29,US-TX,email-referral,True,True,False,226.42
C103602,Max,Park,2026-05-18,AU,google,True,False,True,393.59
C103603,Vera,Walsh,2024-08-19,DE,tiktok,True,True,False,247.39
C103604,Max,Hunt,2026-03-06,DE,email-referral,True,False,True,165.82
C103605,Marco,Kim,2025-10-27,US-CA,tiktok,True,True,True,407.69
C103606,Kira,Ward,2026-02-10,CA,tiktok,True,False,False,50.88
C103607,Nadia,Jain,2024-10-19,UK,organic,True,True,True,623.13
C103608,Enzo,Chen,2024-08-23,CA,podcast,True,True,True,232.5
C103609,Nora,Weber,2025-11-12,UK,organic,False,True,True,252.82
C103610,Iris,Reyes,2025-10-06,US-TX,podcast,True,True,False,305.33
C103611,Remy,Haas,2024-08-19,FR,tiktok,True,False,True,352.22
C103612,Remy,Weber,2024-05-09,US-NY,email-referral,True,False,True,451.22
C103613,Pavel,Jain,2026-01-08,CA,google,True,False,False,104.58
C103614,Xena,Reyes,2026-06-08,US-TX,google,False,True,True,241.12
C103615,Beau,Weber,2024-02-27,UK,podcast,True,False,False,116.51
C103616,Faye,Diaz,2025-08-01,US-CA,google,True,True,False,156.33
C103617,Zoe,Tanaka,2026-05-06,US-IL,tiktok,True,False,False,143.33
C103618,Mara,Ito,2024-11-22,CA,organic,True,True,False,87.34
C103619,Priya,Iqbal,2026-03-07,US-IL,email-referral,False,True,True,229.18
C103620,Noah,Weber,2025-05-13,US-FL,podcast,True,False,False,137.93
C103621,Pavel,Klein,2025-03-24,FR,organic,True,False,False,210.59
C103622,Nora,Walsh,2026-02-22,CA,organic,True,False,True,292.89
C103623,Amara,Patel,2026-03-21,US-WA,organic,True,True,True,354.26
C103624,Cleo,Vance,2025-09-25,US-IL,google,True,True,False,169.79
C103625,Ava,Khan,2024-03-25,CA,instagram,True,False,False,166.33
C103626,Milo,Yilmaz,2024-02-24,US-TX,podcast,True,True,False,42.12
C103627,Milo,Shah,2024-12-30,US-WA,email-referral,True,False,True,273.23
C103628,Elsa,Ward,2026-05-18,DE,google,True,False,False,154.36
C103629,Rina,Shah,2026-05-04,DE,instagram,True,True,False,147.87
C103630,Hana,Gray,2025-01-07,US-WA,organic,True,False,False,310.72
C103631,Kira,Ueda,2025-08-18,FR,email-referral,False,True,True,316.43
C103632,Rosa,Lopez,2025-11-21,US-NY,tiktok,True,False,True,341.35
C103633,Mara,Yilmaz,2025-03-15,AU,podcast,True,False,False,158.79
C103634,Max,Tanaka,2025-11-29,US-WA,email-referral,True,False,False,184.97
C103635,Amara,Walsh,2024-10-05,CA,email-referral,True,True,True,234.39
C103636,Eli,Reyes,2025-07-04,US-TX,tiktok,True,False,False,394.33
C103637,Quinn,Walsh,2025-07-11,US-IL,organic,True,False,True,317.86
C103638,Wes,Rossi,2026-04-07,CA,instagram,False,True,True,475.93
C103639,Ava,Mora,2024-05-16,US-IL,email-referral,True,True,True,293.44
C103640,Rina,Lopez,2024-12-31,US-FL,google,True,False,False,124.67
C103641,Milo,Ueda,2024-05-14,DE,email-referral,True,False,True,170.44
C103642,Owen,Rossi,2025-03-23,US-WA,tiktok,True,False,True,473.02
C103643,Theo,Oduya,2026-03-27,CA,instagram,True,False,False,137.37
C103644,Mia,Hunt,2025-08-10,FR,google,False,False,False,166.77
C103645,Quinn,Weber,2026-05-06,DE,tiktok,True,False,False,42.09
C103646,Milo,Patel,2024-02-19,FR,google,True,False,False,139.08
C103647,Lucy,Ferro,2025-11-30,US-FL,instagram,True,False,False,213.56
C103648,Zane,Silva,2025-07-08,CA,instagram,False,True,False,393.65
C103649,Eli,Costa,2024-10-05,US-IL,instagram,True,True,False,124.61
C103650,Uma,Chen,2025-12-29,DE,email-referral,True,False,False,307.78
C103651,Enzo,Moreau,2026-03-29,CA,organic,True,False,True,707.23
C103652,Lucy,Ortiz,2024-11-05,FR,organic,True,True,True,226.29
C103653,Priya,Berg,2024-08-29,US-IL,google,True,False,True,203.94
C103654,Pia,Lund,2024-06-09,US-CA,email-referral,True,True,False,33.25
C103655,Hana,Ward,2026-04-29,DE,organic,True,False,True,172.47
C103656,Cleo,Gray,2026-05-16,US-NY,instagram,True,False,False,406.21
C103657,Rosa,Vance,2026-01-04,CA,google,True,True,True,419.08
C103658,Zoe,Hunt,2024-12-23,US-CA,podcast,True,False,False,176.2
C103659,Drew,Tanaka,2025-08-19,AU,tiktok,True,False,True,584.48
C103660,Tess,Quist,2025-10-03,UK,google,True,False,False,163.82
C103661,Milo,Diaz,2025-04-07,US-TX,podcast,True,True,True,109.3
C103662,Diego,Tanaka,2024-06-03,UK,google,True,False,True,265.79
C103663,Cleo,Young,2026-04-23,CA,google,True,True,True,391.99
C103664,Theo,Mora,2025-10-06,US-FL,organic,True,False,True,473.04
C103665,Zoe,Oduya,2024-11-11,US-CA,instagram,False,True,False,138.0
C103666,Lucy,Costa,2025-01-04,US-TX,instagram,True,False,True,282.08
C103667,Jack,Reyes,2024-04-01,US-NY,instagram,True,False,False,199.3
C103668,Sofia,Khan,2024-03-31,US-TX,instagram,True,False,False,24.88
C103669,Nico,Walsh,2024-04-07,US-NY,podcast,True,False,False,239.74
C103670,Kira,Nash,2024-12-12,CA,organic,True,False,False,334.12
C103671,Quinn,Quist,2024-08-19,UK,podcast,True,True,False,159.59
C103672,Mia,Iqbal,2024-03-04,US-FL,email-referral,True,True,False,311.52
C103673,Nora,Hunt,2024-10-29,US-WA,email-referral,False,False,False,101.08
C103674,Zoe,Lopez,2026-02-24,AU,tiktok,True,False,False,27.97
C103675,Sage,Gray,2024-03-12,DE,email-referral,True,False,True,213.69
C103676,Enzo,Silva,2025-10-16,US-FL,google,True,True,False,217.78
C103677,Max,Haas,2024-07-29,DE,google,False,False,False,193.2
C103678,Sofia,Gray,2026-02-11,FR,email-referral,True,True,True,50.29
C103679,Aria,Oduya,2025-08-20,UK,podcast,False,False,True,355.97
C103680,Pia,Kim,2025-04-08,US-NY,organic,True,False,False,211.39
C103681,Sofia,Weber,2026-04-11,US-FL,podcast,True,True,False,484.06
C103682,Enzo,Gray,2025-02-24,UK,organic,True,True,True,280.36
C103683,Amara,Tanaka,2024-03-23,US-WA,tiktok,True,False,False,406.99
C103684,Faye,Park,2026-02-18,US-CA,google,True,True,False,73.33
C103685,Aria,Chen,2026-01-13,DE,organic,True,True,False,206.94
C103686,Kira,Iqbal,2024-11-08,US-TX,podcast,True,True,False,217.82
C103687,Finn,Kim,2026-04-07,US-NY,tiktok,False,False,False,40.92
C103688,Omar,Shah,2025-08-16,US-WA,instagram,True,False,False,78.34
C103689,Nadia,Patel,2024-03-10,CA,google,True,False,False,201.29
C103690,Jude,Nash,2025-12-13,FR,podcast,True,False,True,338.98
C103691,Remy,Ellis,2026-05-17,US-CA,instagram,True,False,False,201.61
C103692,Sage,Vance,2024-06-26,DE,podcast,False,True,False,236.22
C103693,Max,Patel,2024-07-11,FR,google,True,True,False,231.02
C103694,Nora,Iqbal,2024-06-12,AU,organic,True,False,False,48.66
C103695,Milo,Lund,2024-11-20,DE,podcast,True,True,True,100.4
C103696,Pavel,Gray,2024-07-05,US-NY,podcast,True,False,True,453.05
C103697,Max,Reyes,2026-06-09,CA,tiktok,True,False,True,259.71
C103698,Vera,Lopez,2024-03-04,US-CA,instagram,False,True,False,154.66
C103699,Jude,Tanaka,2025-02-11,US-NY,instagram,False,True,True,400.19
C103700,Nora,Zola,2025-12-26,US-CA,email-referral,True,True,True,345.51
C103701,Nora,Lund,2025-06-26,US-WA,tiktok,True,False,True,537.44
C103702,Ava,Vance,2025-12-13,US-IL,email-referral,True,False,False,227.76
C103703,Kai,Mora,2024-08-02,DE,google,False,False,False,187.13
C103704,Sage,Torres,2024-09-07,US-WA,google,True,False,False,114.71
C103705,Finn,Klein,2026-03-15,DE,podcast,True,False,False,31.65
C103706,Mara,Owens,2024-11-26,FR,email-referral,True,False,False,142.65
C103707,Lena,Weber,2024-10-17,UK,google,True,False,False,275.83
C103708,Amara,Oduya,2025-09-09,FR,organic,True,True,False,344.14
C103709,Jack,Lopez,2025-03-15,US-IL,tiktok,True,True,True,875.68
C103710,Omar,Hunt,2024-04-03,US-NY,instagram,True,False,False,184.74
C103711,Jude,Ahmed,2025-02-22,AU,tiktok,True,True,False,149.93
C103712,Amara,Reyes,2025-03-25,US-NY,podcast,False,True,False,81.95
C103713,Noah,Reyes,2024-07-13,US-CA,podcast,True,True,False,445.11
C103714,Isla,Torres,2025-11-26,US-IL,email-referral,True,False,False,443.26
C103715,Elsa,Quist,2024-02-25,AU,organic,True,False,False,188.03
C103716,Marco,Quist,2025-03-29,US-FL,instagram,True,False,True,186.0
C103717,Faye,Moreau,2024-03-21,AU,podcast,True,False,False,403.52
C103718,Marco,Ward,2024-12-16,UK,tiktok,True,False,True,403.5
C103719,Tara,Kim,2025-01-09,US-CA,tiktok,True,False,True,178.38
C103720,Otis,Ueda,2024-07-31,US-CA,email-referral,True,False,False,476.55
C103721,Zane,Weber,2024-02-21,CA,google,True,False,True,344.8
C103722,Ken,Novak,2026-06-05,US-CA,instagram,True,True,False,160.38
C103723,Iris,Zhang,2025-10-23,US-IL,google,True,True,False,37.71
C103724,Rosa,Ahmed,2026-04-08,CA,instagram,True,False,False,249.05
C103725,Sofia,Ahmed,2025-04-28,CA,instagram,False,True,False,57.55
C103726,Jack,Vance,2024-07-31,US-TX,google,False,False,True,166.16
C103727,Cleo,Zhang,2025-03-02,US-FL,podcast,False,True,False,85.3
C103728,Zoe,Vance,2025-11-14,US-NY,instagram,True,False,False,210.87
C103729,Milo,Ward,2025-01-05,US-TX,organic,False,False,False,467.84
C103730,Amara,Young,2026-04-25,US-TX,tiktok,True,False,False,18.47
C103731,Amara,Ahmed,2025-06-07,US-TX,google,True,False,True,396.4
C103732,Noah,Ahmed,2024-12-03,DE,google,True,False,True,111.41
C103733,Max,Park,2024-09-11,DE,tiktok,True,False,False,106.37
C103734,Cleo,Silva,2024-07-12,US-NY,tiktok,True,False,True,309.93
C103735,Vera,Torres,2026-06-14,AU,email-referral,True,False,False,31.19
C103736,Max,Zola,2026-01-20,US-NY,tiktok,True,True,True,173.75
C103737,Theo,Vance,2024-04-04,US-FL,instagram,True,False,False,271.23
C103738,Theo,Zola,2025-10-18,CA,organic,True,True,False,190.38
C103739,Sofia,Kim,2025-10-19,FR,email-referral,True,False,False,351.61
C103740,Lila,Mora,2024-04-13,DE,tiktok,True,False,True,276.81
C103741,Leo,Zola,2025-11-24,UK,instagram,True,False,False,193.02
C103742,Rina,Gray,2026-01-26,UK,tiktok,True,False,True,245.4
C103743,Zoe,Vogel,2024-04-24,FR,instagram,True,False,False,367.7
C103744,Theo,Zhang,2025-07-18,US-TX,google,True,True,False,139.7
C103745,Nico,Silva,2025-05-13,FR,google,True,False,False,182.86
C103746,Omar,Walsh,2024-05-31,US-NY,tiktok,True,False,False,34.5
C103747,Drew,Haas,2024-04-29,US-CA,email-referral,True,False,False,219.06
C103748,Vera,Costa,2025-02-25,US-NY,tiktok,True,False,True,321.85
C103749,Rosa,Chen,2025-05-03,US-CA,email-referral,False,True,True,514.78
C103750,Max,Ward,2025-01-26,DE,podcast,True,True,False,164.57
C103751,Sofia,Young,2024-06-05,UK,google,True,True,False,299.76
C103752,Aria,Jain,2024-12-28,FR,instagram,True,False,True,436.96
C103753,Wes,Weber,2025-02-10,US-NY,podcast,True,False,True,432.56
C103754,Aria,Tanaka,2024-05-27,CA,organic,True,False,True,733.54
C103755,Zane,Oduya,2024-10-27,DE,tiktok,True,True,True,121.21
C103756,Faye,Patel,2026-05-19,US-FL,google,True,True,True,350.24
C103757,Wes,Patel,2025-02-28,UK,email-referral,True,False,True,445.79
C103758,Tara,Lund,2024-12-16,US-IL,podcast,True,False,True,304.88
C103759,Ken,Vance,2024-04-13,US-CA,instagram,True,False,False,262.34
C103760,Rosa,Gray,2025-07-15,CA,google,True,True,False,48.31
C103761,Uma,Park,2024-03-06,US-TX,organic,True,True,False,370.31
C103762,Lena,Ahmed,2024-10-10,US-TX,instagram,True,False,False,199.86
C103763,Finn,Ortiz,2024-03-24,US-IL,organic,True,False,False,46.53
C103764,Rina,Owens,2024-09-16,US-TX,google,True,True,True,254.3
C103765,Ivy,Quist,2025-05-29,US-IL,organic,True,False,True,208.53
C103766,Drew,Zhang,2025-07-14,DE,tiktok,True,True,False,26.26
C103767,Owen,Zhang,2026-03-30,US-CA,google,True,False,True,242.99
C103768,Zane,Hunt,2024-04-28,AU,podcast,True,False,True,497.41
C103769,Yara,Silva,2024-07-29,US-CA,podcast,False,False,False,148.78
C103770,Amara,Weber,2024-12-24,FR,podcast,True,False,True,377.55
C103771,Mia,Iqbal,2025-06-04,UK,organic,True,True,False,92.56
C103772,Amara,Vogel,2025-12-01,US-TX,email-referral,True,False,False,55.22
C103773,Ken,Vance,2024-06-13,US-FL,tiktok,True,True,False,251.03
C103774,Diego,Iqbal,2024-05-09,US-IL,google,True,True,False,207.01
C103775,Liam,Ward,2025-04-20,US-TX,tiktok,True,True,False,131.93
C103776,Nora,Zhang,2025-01-06,US-FL,organic,True,False,True,805.54
C103777,Owen,Vogel,2024-08-14,US-TX,google,True,False,False,155.23
C103778,Lila,Costa,2026-03-29,US-FL,podcast,True,False,True,231.31
C103779,Eli,Vogel,2026-02-21,US-WA,tiktok,True,False,False,181.23
C103780,Kai,Ueda,2025-02-01,US-WA,organic,True,True,False,131.83
C103781,Beau,Lund,2024-09-03,UK,tiktok,True,False,False,187.09
C103782,Kira,Silva,2024-09-09,US-NY,google,True,False,False,203.88
C103783,Ruby,Walsh,2026-06-10,FR,tiktok,True,False,False,122.76
C103784,Jack,Young,2024-02-20,UK,organic,True,False,False,146.89
C103785,Owen,Xu,2025-11-29,DE,podcast,True,True,False,155.94
C103786,Mara,Klein,2025-10-02,US-CA,tiktok,True,True,False,308.55
C103787,Mia,Costa,2025-06-14,DE,instagram,True,False,True,492.24
C103788,Tess,Chen,2025-11-23,US-NY,organic,True,False,False,217.69
C103789,Nora,Weber,2024-04-08,US-FL,tiktok,True,False,False,328.41
C103790,Amara,Hunt,2026-05-30,US-IL,tiktok,True,True,True,300.71
C103791,Diego,Gray,2025-07-09,US-NY,instagram,True,False,True,341.4
C103792,Pia,Tanaka,2026-03-04,AU,instagram,True,False,False,355.56
C103793,Zane,Rossi,2025-09-16,FR,podcast,True,False,True,364.25
C103794,Mara,Mora,2025-08-10,CA,instagram,True,True,False,226.22
C103795,Finn,Diaz,2024-09-25,AU,tiktok,True,True,False,134.04
C103796,Omar,Ueda,2024-02-23,UK,instagram,True,True,True,436.01
C103797,Aria,Ahmed,2024-08-01,US-WA,tiktok,True,False,False,103.1
C103798,Wes,Patel,2025-04-04,US-CA,email-referral,True,True,False,109.28
C103799,Marco,Ellis,2025-01-13,US-IL,google,True,True,True,554.82
C103800,Theo,Zola,2025-09-11,UK,email-referral,False,True,False,475.35
C103801,Leo,Costa,2025-12-09,AU,instagram,True,True,True,235.72
C103802,Nadia,Park,2024-05-05,FR,email-referral,True,True,True,321.21
C103803,Hana,Ward,2024-12-04,UK,podcast,True,True,False,72.34
C103804,Aria,Owens,2026-01-30,US-WA,instagram,False,False,False,160.03
C103805,Uma,Ito,2024-12-11,US-IL,organic,True,True,False,92.9
C103806,Enzo,Ahmed,2025-06-07,DE,email-referral,True,False,True,842.07
C103807,Lucy,Park,2025-04-08,AU,email-referral,True,True,True,137.76
C103808,Tess,Shah,2025-09-22,US-CA,google,True,True,False,622.62
C103809,Nina,Shah,2024-07-01,US-WA,tiktok,True,False,False,281.29
C103810,Elsa,Novak,2024-05-08,CA,organic,True,False,False,484.45
C103811,Cleo,Shah,2025-06-18,CA,podcast,True,False,False,102.32
C103812,Owen,Mora,2024-04-22,FR,google,True,False,False,93.29
C103813,Zoe,Ferro,2024-11-30,US-FL,podcast,False,False,False,224.98
C103814,Ava,Walsh,2025-05-11,US-IL,instagram,True,False,False,72.64
C103815,Eli,Reyes,2026-05-05,CA,email-referral,False,True,True,292.45
C103816,Kai,Vance,2025-09-02,CA,instagram,True,False,False,286.38
C103817,Lila,Tanaka,2024-05-16,FR,email-referral,True,True,False,215.09
C103818,Ivy,Owens,2024-09-14,US-CA,podcast,True,True,True,372.11
C103819,Ivy,Young,2026-02-02,AU,instagram,True,True,True,88.96
C103820,Zoe,Ellis,2025-07-31,DE,podcast,False,True,False,275.04
C103821,Zoe,Lund,2025-04-18,AU,email-referral,True,True,True,290.98
C103822,Aria,Ahmed,2026-06-07,DE,organic,True,True,False,192.5
C103823,Nina,Torres,2026-05-18,CA,google,True,True,True,327.99
C103824,Kai,Weber,2024-12-05,AU,email-referral,True,True,False,227.91
C103825,Aria,Gray,2024-08-19,US-IL,google,True,True,False,356.55
C103826,Eli,Gray,2026-02-14,US-CA,instagram,True,False,False,313.63
C103827,Owen,Weber,2024-04-15,AU,organic,True,False,True,473.64
C103828,Marco,Shah,2025-12-13,FR,organic,True,True,False,155.65
C103829,Sofia,Torres,2025-03-26,US-TX,google,True,False,False,193.77
C103830,Zoe,Iqbal,2026-03-31,US-TX,tiktok,True,False,False,128.44
C103831,Owen,Young,2026-05-20,UK,email-referral,True,True,False,375.86
C103832,Vera,Ferro,2024-08-16,US-WA,instagram,True,False,False,319.26
C103833,Pavel,Ellis,2026-05-03,DE,tiktok,True,False,True,220.86
C103834,Pavel,Weber,2025-09-08,US-NY,google,True,False,True,699.36
C103835,Quinn,Bauer,2025-06-20,CA,podcast,True,False,False,208.54
C103836,Amara,Walsh,2024-10-06,CA,google,True,False,False,398.9
C103837,Mara,Ferro,2024-02-29,US-FL,podcast,False,False,False,150.1
C103838,Vera,Vance,2025-10-01,UK,google,True,False,False,91.39
C103839,Lila,Lopez,2025-06-22,US-IL,podcast,True,True,True,344.39
C103840,Liam,Ahmed,2024-09-17,US-CA,organic,True,False,False,115.85
C103841,Gus,Quist,2026-03-02,US-NY,google,True,False,False,262.38
C103842,Tess,Costa,2024-07-09,US-IL,tiktok,False,False,True,172.27
C103843,Wes,Iqbal,2024-07-16,US-CA,google,True,False,False,202.63
C103844,Rosa,Quist,2025-06-22,US-WA,google,False,False,False,59.36
C103845,Uma,Khan,2025-05-23,AU,organic,True,True,False,243.34
C103846,Mia,Yilmaz,2026-04-14,US-IL,organic,True,False,False,441.81
C103847,Isla,Iqbal,2024-11-17,UK,tiktok,True,False,False,155.16
C103848,Marco,Ward,2024-07-06,US-FL,tiktok,False,False,False,118.35
C103849,Tess,Zhang,2025-09-06,UK,podcast,True,True,False,84.72
C103850,Jude,Bauer,2026-05-21,US-TX,tiktok,True,False,True,560.8
C103851,Remy,Hunt,2024-10-27,UK,instagram,False,False,False,209.51
C103852,Zoe,Jain,2024-05-04,US-NY,google,True,False,False,301.66
C103853,Otis,Xu,2024-05-22,CA,instagram,True,True,False,197.75
C103854,Zoe,Bauer,2024-02-27,DE,instagram,True,False,True,167.67
C103855,Remy,Gray,2024-12-01,US-TX,instagram,True,False,True,770.97
C103856,Ken,Vance,2026-02-06,US-WA,email-referral,True,False,False,31.64
C103857,Leo,Moreau,2024-05-24,DE,instagram,True,False,False,371.88
C103858,Nina,Zola,2025-10-27,US-WA,email-referral,True,False,False,247.52
C103859,Finn,Ortiz,2025-06-22,FR,google,True,False,False,150.73
C103860,Remy,Khan,2024-02-26,DE,instagram,False,False,False,135.02
C103861,Quinn,Ito,2026-06-16,US-FL,instagram,False,False,True,606.06
C103862,Beau,Quist,2024-12-18,AU,google,True,False,False,177.96
C103863,Diego,Torres,2024-02-29,US-WA,tiktok,True,False,True,437.82
C103864,Mia,Weber,2026-01-17,AU,organic,True,False,True,58.45
C103865,Drew,Klein,2024-06-23,US-NY,organic,True,True,False,57.62
C103866,Pavel,Lopez,2025-08-14,US-TX,google,False,False,False,118.91
C103867,Elsa,Tanaka,2026-01-29,US-TX,email-referral,True,True,False,295.48
C103868,Lila,Park,2025-01-18,FR,instagram,True,False,False,335.11
C103869,Sofia,Vance,2025-12-24,CA,organic,True,True,False,189.86
C103870,Yara,Khan,2025-12-25,US-CA,organic,True,False,True,307.64
C103871,Kai,Walsh,2024-04-26,US-NY,tiktok,True,False,False,336.1
C103872,Tess,Lund,2025-10-09,UK,podcast,True,False,False,50.77
C103873,Uma,Quist,2025-08-17,US-TX,google,True,False,True,318.88
C103874,Iris,Iqbal,2026-01-28,US-IL,google,False,False,False,437.36
C103875,Diego,Walsh,2025-05-25,US-TX,organic,True,True,False,74.4
C103876,Enzo,Nash,2025-06-01,US-IL,instagram,True,False,False,226.66
C103877,Liam,Chen,2024-03-11,US-CA,email-referral,True,True,False,93.6
C103878,Leo,Ferro,2026-05-07,US-NY,email-referral,True,False,False,279.44
C103879,Leo,Rossi,2024-02-14,US-WA,tiktok,True,False,False,144.38
C103880,Max,Zhang,2024-04-07,AU,google,True,False,True,357.45
C103881,Marco,Weber,2025-08-06,CA,instagram,True,False,False,175.28
C103882,Lila,Haas,2024-04-23,US-WA,tiktok,True,False,False,51.0
C103883,Diego,Lund,2026-02-04,US-TX,instagram,True,False,False,44.76
C103884,Aria,Klein,2025-08-31,CA,google,True,False,True,149.6
C103885,Marco,Owens,2025-11-29,US-NY,email-referral,True,True,False,406.05
C103886,Elsa,Bauer,2024-06-03,AU,tiktok,False,False,True,366.95
C103887,Hana,Weber,2025-09-07,FR,tiktok,True,False,False,124.46
C103888,Otis,Patel,2026-01-15,US-NY,google,True,True,True,378.29
C103889,Nora,Shah,2024-11-16,AU,tiktok,True,False,True,261.57
C103890,Hana,Owens,2025-03-30,AU,organic,True,False,False,245.0
C103891,Nora,Reyes,2025-01-04,AU,tiktok,False,False,False,185.25
C103892,Quinn,Khan,2024-07-31,US-TX,instagram,True,False,True,692.05
C103893,Jude,Vogel,2026-03-13,US-IL,email-referral,False,False,False,277.21
C103894,Hana,Nash,2025-05-22,CA,email-referral,True,False,True,173.17
C103895,Tess,Klein,2024-12-03,UK,instagram,True,False,False,437.71
C103896,Gus,Lopez,2025-01-02,US-IL,organic,True,True,False,138.95
C103897,Omar,Moreau,2024-04-04,CA,organic,True,False,False,387.3
C103898,Enzo,Jain,2026-03-13,DE,organic,True,False,True,447.44
C103899,Nico,Moreau,2025-05-24,CA,instagram,True,False,False,461.89
C103900,Remy,Silva,2026-03-27,DE,google,True,False,False,214.35
C103901,Faye,Yilmaz,2024-06-01,AU,tiktok,True,False,False,219.39
C103902,Finn,Ito,2026-05-29,US-NY,tiktok,True,True,False,156.07
C103903,Pia,Walsh,2026-01-12,US-WA,email-referral,False,False,True,504.96
C103904,Gus,Ortiz,2024-09-19,DE,instagram,True,False,False,211.38
C103905,Max,Lopez,2025-03-13,DE,instagram,True,False,False,203.78
C103906,Quinn,Iqbal,2025-11-04,CA,tiktok,True,False,False,208.88
C103907,Pia,Haas,2025-05-21,FR,email-referral,True,False,False,167.92
C103908,Elsa,Novak,2025-04-24,DE,tiktok,True,False,True,363.47
C103909,Aria,Klein,2025-07-12,FR,instagram,True,False,False,216.77
C103910,Omar,Zhang,2024-09-13,US-TX,google,True,False,True,255.01
C103911,Isla,Diaz,2024-08-21,US-TX,podcast,True,True,False,253.92
C103912,Ruby,Zhang,2024-06-21,FR,instagram,True,False,True,219.47
C103913,Pia,Khan,2026-04-10,US-CA,podcast,True,False,True,293.87
C103914,Elsa,Walsh,2024-12-23,US-IL,organic,True,False,False,150.93
C103915,Sage,Chen,2026-05-10,AU,tiktok,False,False,False,210.51
C103916,Uma,Ward,2025-03-30,CA,tiktok,True,True,False,286.4
C103917,Pia,Oduya,2025-12-18,US-FL,google,True,False,True,403.03
C103918,Vera,Bauer,2024-12-09,AU,instagram,True,False,True,329.64
C103919,Cleo,Ellis,2026-05-14,US-WA,email-referral,True,False,False,124.12
C103920,Lena,Moreau,2025-09-07,CA,google,True,True,True,267.07
C103921,Omar,Ferro,2025-03-31,DE,instagram,True,True,False,248.51
C103922,Beau,Xu,2025-05-06,DE,google,True,True,True,315.3
C103923,Iris,Moreau,2024-12-31,US-TX,tiktok,True,False,True,147.43
C103924,Hana,Ortiz,2026-04-07,DE,instagram,True,False,False,32.34
C103925,Hana,Hunt,2026-03-06,US-CA,instagram,True,False,False,320.53
C103926,Zoe,Young,2024-08-12,US-CA,organic,True,False,False,65.19
C103927,Faye,Vogel,2025-10-04,DE,email-referral,False,False,False,80.66
C103928,Nora,Kim,2024-07-26,AU,email-referral,True,True,True,446.69
C103929,Otis,Chen,2024-09-26,US-CA,email-referral,True,True,False,339.36
C103930,Cleo,Ward,2026-02-05,DE,tiktok,True,True,False,104.36
C103931,Jack,Walsh,2026-04-18,US-IL,google,True,True,True,271.94
C103932,Pavel,Berg,2024-03-03,AU,organic,False,True,True,196.81
C103933,Kai,Ellis,2024-03-11,AU,email-referral,False,False,True,91.02
C103934,Mia,Walsh,2025-01-24,US-WA,google,True,False,False,240.8
C103935,Owen,Torres,2024-04-10,US-WA,instagram,True,True,True,303.27
C103936,Max,Park,2026-05-14,AU,podcast,True,False,True,357.89
C103937,Pavel,Xu,2025-05-19,FR,tiktok,True,True,False,235.3
C103938,Theo,Shah,2025-04-05,US-TX,instagram,False,False,False,40.35
C103939,Nora,Silva,2024-09-29,US-IL,podcast,True,False,False,130.62
C103940,Liam,Gray,2024-06-22,US-CA,google,True,False,False,270.44
C103941,Leo,Young,2024-08-20,US-FL,organic,True,False,False,226.82
C103942,Beau,Gray,2024-10-08,CA,email-referral,True,True,False,63.16
C103943,Yara,Young,2026-03-05,AU,instagram,False,True,False,171.19
C103944,Max,Ito,2024-12-19,CA,organic,True,False,False,136.04
C103945,Sofia,Lopez,2024-06-29,FR,podcast,False,False,False,246.79
C103946,Owen,Hunt,2024-11-11,US-TX,tiktok,True,False,True,254.35
C103947,Nina,Quist,2024-04-23,FR,instagram,False,False,False,47.92
C103948,Zoe,Khan,2025-06-26,DE,google,True,True,False,259.72
C103949,Cleo,Lund,2025-04-28,CA,instagram,True,False,False,455.91
C103950,Zoe,Hunt,2026-03-05,US-IL,google,True,False,False,564.74
C103951,Eli,Jain,2025-07-18,FR,organic,True,True,False,136.93
C103952,Liam,Nash,2025-03-20,US-WA,podcast,True,False,False,698.83
C103953,Rina,Torres,2026-06-07,AU,email-referral,True,False,False,183.01
C103954,Jack,Klein,2025-05-29,DE,tiktok,True,False,False,395.11
C103955,Nico,Zhang,2024-06-03,US-NY,email-referral,True,True,False,136.98
C103956,Finn,Torres,2026-04-19,US-CA,podcast,True,False,True,208.74
C103957,Drew,Ward,2025-07-22,US-CA,instagram,False,True,True,69.46
C103958,Ava,Kim,2026-06-09,AU,google,True,False,False,83.76
C103959,Rosa,Tanaka,2024-05-26,AU,instagram,False,False,False,92.8
C103960,Kira,Chen,2025-03-15,US-WA,google,False,True,False,418.96
C103961,Pia,Bauer,2024-07-18,FR,podcast,True,False,True,373.67
C103962,Sofia,Young,2024-08-22,US-NY,google,True,True,True,241.92
C103963,Leo,Zola,2024-09-23,US-IL,instagram,True,False,True,290.9
C103964,Cleo,Jain,2025-11-05,CA,google,True,True,True,328.4
C103965,Faye,Kim,2025-10-02,US-NY,instagram,False,False,False,87.09
C103966,Elsa,Jain,2024-02-26,CA,podcast,True,False,False,89.25
C103967,Theo,Chen,2025-09-17,US-FL,podcast,True,True,False,204.99
C103968,Jack,Moreau,2025-10-24,FR,google,True,False,False,126.47
C103969,Leo,Ito,2026-05-26,CA,organic,False,False,True,254.32
C103970,Wes,Ahmed,2025-09-28,US-IL,organic,True,True,True,273.21
C103971,Nora,Costa,2026-02-25,FR,google,True,False,False,513.29
C103972,Nora,Young,2025-06-10,US-WA,tiktok,True,True,False,194.24
C103973,Ken,Kim,2026-05-15,US-FL,instagram,True,False,False,52.7
C103974,Nadia,Costa,2024-12-22,UK,instagram,True,False,True,335.95
C103975,Kai,Zhang,2026-04-12,AU,tiktok,True,True,False,241.22
C103976,Beau,Lund,2024-05-23,US-CA,organic,True,False,False,250.74
C103977,Nora,Ferro,2025-01-16,US-CA,tiktok,True,True,False,233.69
C103978,Milo,Kim,2026-05-08,DE,email-referral,True,True,False,184.61
C103979,Nadia,Ueda,2024-03-13,DE,tiktok,False,True,True,351.08
C103980,Kai,Klein,2024-08-19,DE,email-referral,True,False,False,293.2
C103981,Noah,Park,2026-04-03,FR,tiktok,False,False,True,303.47
C103982,Diego,Park,2025-06-14,FR,email-referral,True,False,True,305.46
C103983,Theo,Weber,2024-12-30,US-FL,instagram,True,False,False,70.34
C103984,Jack,Yilmaz,2024-10-11,US-TX,organic,False,True,False,230.11
C103985,Ruby,Torres,2024-04-15,DE,organic,True,True,False,216.31
C103986,Xena,Berg,2025-03-24,US-WA,google,True,False,True,462.66
C103987,Noah,Lopez,2025-07-06,US-FL,tiktok,True,True,False,172.37
C103988,Max,Ortiz,2025-11-22,FR,google,True,False,False,208.46
C103989,Otis,Ortiz,2025-03-30,US-TX,organic,False,False,False,149.95
C103990,Ruby,Zola,2025-08-08,US-WA,instagram,False,False,False,663.36
C103991,Amara,Reyes,2024-03-07,CA,google,True,False,False,59.84
C103992,Beau,Rossi,2025-10-28,US-CA,instagram,True,False,False,402.67
C103993,Isla,Iqbal,2024-05-18,FR,instagram,True,False,False,74.42
C103994,Amara,Walsh,2024-09-11,US-CA,instagram,True,False,True,406.98
C103995,Ruby,Zola,2026-02-13,CA,podcast,True,False,False,279.38
C103996,Faye,Weber,2025-12-31,US-IL,organic,True,False,False,156.43
C103997,Tess,Zola,2024-12-22,CA,email-referral,True,False,True,274.52
C103998,Liam,Costa,2024-08-14,US-FL,tiktok,True,False,False,224.62
C103999,Iris,Ito,2024-03-07,AU,instagram,True,False,False,312.85
